{"fold0_test_loss":0.508672702535987,"_timestamp":1.7471881687961986e+09,"_runtime":4.882594711,"_step":26,"_wandb":{"runtime":4},"fold0_train_loss":0.3747719658724964}