{"fold0_test_loss":0.08720610062591731,"_step":99,"fold0_train_loss":0.07502204841002821,"best_epoch":97,"_runtime":162.08431095,"_timestamp":1.747295367686088e+09,"best_train_loss":0.06987732496112585,"best_test_loss":0.13849185584113002,"_wandb":{"runtime":171}}