{"_step":44,"fold0_train_loss":0.256147773116827,"_wandb":{"runtime":49},"fold0_test_loss":0.47171933110803366,"_timestamp":1.747093552431918e+09,"_runtime":49.87523788}