{"fold0_train_acc": 0.9819080398905657, "fold0_train_loss": 0.06602006405591965, "fold0_val_acc": 0.8893203883495145, "fold0_val_loss": 0.5411012768745422, "fold0_tmp_test_acc": 0.886516060713025, "fold0_tmp_test_loss": 0.49404841661453247, "_timestamp": 1745748923.8589408, "_runtime": 248.67215394973755, "_step": 471, "best_test_acc": 0.8808683374514649, "best_val_acc": 0.8854368932038835, "best_epoch": 388, "test_acc": 88.21920225908929, "val_acc": 88.1235657546337, "test_acc_std": 0.7906832263855234, "_wandb": {"runtime": 248}}