{"_wandb":{"runtime":10},"fold0_tmp_test_acc":0.4130328270455659,"fold0_train_loss":1.2928178310394287,"_step":21,"_timestamp":1.745687214758406e+09,"fold0_val_acc":0.4082965866405357,"fold0_tmp_test_loss":1.3356475830078125,"_runtime":10.838699534,"fold0_train_acc":0.4369590070227013,"fold0_val_loss":1.3366000652313232}