{"_step":91,"fold0_train_loss":0.33863992743194105,"fold0_test_loss":0.6137888641655445,"_timestamp":1.7470937791471598e+09,"_runtime":75.644780184,"_wandb":{"runtime":75}}