{"_step":530,"best_epoch":466,"fold0_train_acc":0.9870267407995764,"_wandb":{"runtime":307},"best_val_acc":0.9235657546337158,"test_acc_std":0.4300163890768853,"_timestamp":1.7457843557245252e+09,"_runtime":307.196875853,"fold0_val_acc":0.9196822594880847,"fold0_tmp_test_acc":0.9196964348746911,"fold0_val_loss":0.3577656149864197,"test_acc":91.2919166960819,"val_acc":91.33980582524272,"fold0_train_loss":0.05272297561168671,"best_test_acc":0.9182845040593011,"fold0_tmp_test_loss":0.39217206835746765}