{"_step":54,"_wandb":{"runtime":87},"fold0_train_loss":0.1805312319844961,"fold0_test_loss":0.7007523241639138,"_timestamp":1.7472003811380353e+09,"_runtime":87.617044431}