{"fold0_train_loss":NaN,"fold0_test_loss":NaN,"_wandb":{"runtime":53},"_timestamp":1.7473032799993105e+09,"_runtime":53.598414013,"_step":20}