{"_runtime":959.645968737,"best_epoch":423,"_wandb":{"runtime":959},"fold0_train_loss":0.2231915444135666,"fold0_val_acc":0.5139637432631063,"test_acc":51.42413849420219,"fold0_train_acc":0.9410419728891066,"best_val_acc":0.5200065327453862,"fold0_tmp_test_acc":0.5232729054385106,"fold0_tmp_test_loss":1.732674241065979,"_step":714,"test_acc_std":0.6375307695135782,"fold0_val_loss":1.7378891706466675,"best_test_acc":0.5111873264739507,"_timestamp":1.745942931133485e+09,"val_acc":52.07414666013393}