{"_step":491,"best_epoch":411,"fold0_train_loss":0.08006325364112854,"_wandb":{"runtime":269},"best_val_acc":0.7548725675262227,"_timestamp":1.7468529891055815e+09,"fold0_tmp_test_acc":0.7051261922518349,"best_test_acc":0.7461836396842364,"_runtime":265.697198344,"fold0_val_acc":0.7344778299245507,"fold0_val_loss":0.13814835250377655,"fold0_tmp_test_loss":0.13615746796131134,"fold0_train_acc":0.91298264147458}