{"fold0_test_loss":0.3888414127007127,"_runtime":249.170125585,"best_train_loss":0.10484854671172798,"_step":500,"best_epoch":499,"_wandb":{"runtime":339},"_timestamp":1.7470711296880565e+09,"best_test_loss":0.3834709972143173,"fold0_train_loss":0.11026916595175862}