{"_timestamp":1.7466549136615658e+09,"_wandb":{"runtime":240},"fold0_train_loss":0.00806992407888174,"fold0_tmp_test_loss":0.17137569189071655,"best_test_acc":0.9820939999999999,"fold0_tmp_test_acc":0.980098,"best_epoch":1678,"fold0_val_acc":0.9774689999999999,"_step":1999,"fold0_val_loss":0.18843229115009308,"best_val_acc":0.981275,"_runtime":221.104213596,"fold0_train_acc":0.9999990000000001}