{"fold0_train_loss":0.8037822853215039,"_wandb":{"runtime":2},"fold0_test_loss":0.5662407508864998,"_timestamp":1.7473008848111038e+09,"_runtime":2.889520575,"_step":4}