{"fold0_train_acc": 0.9920571882446386, "fold0_train_loss": 0.029281124472618103, "fold0_val_acc": 0.8896734333627537, "fold0_val_loss": 0.5693802237510681, "fold0_tmp_test_acc": 0.88439816448994, "fold0_tmp_test_loss": 0.5757285952568054, "_timestamp": 1745749715.7665973, "_runtime": 275.692711353302, "_step": 305, "best_test_acc": 0.8515707730321215, "best_val_acc": 0.8547219770520741, "best_epoch": 170, "test_acc": 86.35192375573597, "val_acc": 86.23830538393646, "test_acc_std": 2.5105241877715083, "_wandb": {"runtime": 275}}