{"fold0_train_acc": 0.36787522456312266, "fold0_train_loss": 1.4232741594314575, "fold0_val_acc": 0.36779356524579454, "fold0_val_loss": 1.423750877380371, "fold0_tmp_test_acc": 0.3679568838804508, "fold0_tmp_test_loss": 1.4232515096664429, "_timestamp": 1745958838.2365458, "_runtime": 913.9868607521057, "_step": 574, "best_test_acc": 0.3679568838804508, "best_val_acc": 0.36779356524579454, "best_epoch": 283, "test_acc": 36.79405520169852, "val_acc": 36.780989710926015, "test_acc_std": 0.004899559039687196, "_wandb": {"runtime": 913}}