{"fold0_tmp_test_acc":0.978694,"fold0_val_acc":0.976612,"fold0_train_acc":0.999973,"fold0_train_loss":0.02604828029870987,"fold0_val_loss":0.16252438724040985,"_step":1315,"best_epoch":1115,"_wandb":{"runtime":170},"_runtime":147.067084236,"fold0_tmp_test_loss":0.15449894964694977,"best_test_acc":0.9834829999999999,"best_val_acc":0.9818560000000001,"_timestamp":1.7466676119053426e+09}