{"_wandb":{"runtime":72},"fold0_test_loss":0.6381298031657934,"_timestamp":1.7471893361958373e+09,"_runtime":72.579458032,"_step":87,"fold0_train_loss":0.16190690688788892}