{"_timestamp":1.746906695482948e+09,"_runtime":1145.130879986,"best_val_acc":0.7825950620277206,"fold0_val_loss":0.11464416980743408,"fold0_val_acc":0.7816130093691009,"fold0_tmp_test_loss":0.11696334183216095,"_wandb":{"runtime":1155},"fold0_train_acc":0.8458052635528692,"fold0_tmp_test_acc":0.7783175828717481,"_step":2999,"best_test_acc":0.7796844443315655,"fold0_train_loss":0.10641743242740631,"best_epoch":2979}