{"_timestamp":1.7467171283066955e+09,"fold0_train_loss":NaN,"fold0_val_loss":NaN,"fold0_val_acc":0.2678425608361914,"fold0_tmp_test_loss":NaN,"fold0_train_acc":0.2678425608361914,"_step":1831,"fold0_tmp_test_acc":0.2678425608361914,"_wandb":{"runtime":462},"_runtime":462.588513745}