{"fold0_test_loss":0.7020463541150093,"_wandb":{"runtime":73},"_timestamp":1.7471976209874299e+09,"_runtime":73.522606313,"_step":43,"fold0_train_loss":0.1686794497817755}