{"fold0_test_loss":0.631851007193327,"_runtime":801.534875995,"best_test_loss":0.5749687226116658,"fold0_train_loss":0.03195343247614801,"_timestamp":1.7471999258857718e+09,"_wandb":{"runtime":1154},"best_epoch":487,"_step":499,"best_train_loss":0.019186977287754415}