{"fold0_val_loss":-97.1117935180664,"_step":84,"fold0_tmp_test_acc":0.34149926506614403,"fold0_tmp_test_loss":-97.42169952392578,"fold0_train_loss":-96.8692855834961,"fold0_train_acc":0.33668136534378573,"_timestamp":1.7459370729051428e+09,"fold0_val_acc":0.3423158582394251,"_wandb":{"runtime":55},"_runtime":55.852546801}