{"fold0_train_acc": 0.7568617068219927, "fold0_train_loss": 0.6633477210998535, "fold0_val_acc": 0.6540158870255958, "fold0_val_loss": 1.1818113327026367, "fold0_tmp_test_acc": 0.6569008118602189, "fold0_tmp_test_loss": 1.1526241302490234, "_timestamp": 1745740759.712346, "_runtime": 109.49889397621155, "_step": 283, "best_test_acc": 0.8370984821743734, "best_val_acc": 0.8390114739629303, "best_epoch": 332, "test_acc": 80.04588775150019, "val_acc": 79.91526919682259, "test_acc_std": 7.734092696152388, "_wandb": {"runtime": 109}}