{"fold0_train_acc": 0.9180125319918807, "fold0_train_loss": 0.2496894747018814, "fold0_val_acc": 0.8185348631950574, "fold0_val_loss": 0.6228183507919312, "fold0_tmp_test_acc": 0.8224496999647017, "fold0_tmp_test_loss": 0.6288344264030457, "_timestamp": 1745737519.1006415, "_runtime": 303.3397915363312, "_step": 1476, "best_test_acc": 0.8035651253088598, "best_val_acc": 0.8051191526919682, "best_epoch": 627, "test_acc": 82.54500529474056, "val_acc": 82.2647837599294, "test_acc_std": 1.2532377374049921, "_wandb": {"runtime": 303}}