{"_wandb":{"runtime":53},"_timestamp":1.7470907973348966e+09,"_runtime":53.56442158,"_step":90,"fold0_train_loss":0.0702914870902896,"fold0_test_loss":0.3975620701909065}