{"fold0_train_acc": 0.7715117818374371, "fold0_train_loss": 0.6184379458427429, "fold0_val_acc": 0.6446601941747573, "fold0_val_loss": 1.2020512819290161, "fold0_tmp_test_acc": 0.647370278856336, "fold0_tmp_test_loss": 1.1800296306610107, "_timestamp": 1745743558.9835908, "_runtime": 111.7586579322815, "_step": 295, "best_test_acc": 0.5421814331097776, "best_val_acc": 0.5518093556928508, "best_epoch": 10, "test_acc": 76.12601482527356, "val_acc": 76.03530450132392, "test_acc_std": 11.540116311961208, "_wandb": {"runtime": 111}}