{"_wandb":{"runtime":148},"_runtime":143.875181129,"fold0_tmp_test_loss":0.3617916405200958,"best_test_acc":0.9161666078362161,"_step":515,"fold0_val_loss":0.34944742918014526,"best_epoch":519,"fold0_val_acc":0.9168578993821712,"_timestamp":1.7458139864204922e+09,"fold0_train_acc":0.9743182419909981,"best_val_acc":0.9221535745807591,"fold0_train_loss":0.09112397581338882,"fold0_tmp_test_acc":0.9096364278150371}