{"_runtime":45.804134871,"fold0_val_loss":0.4085279703140259,"best_val_acc":0.6990291262135923,"_timestamp":1.7458075035340776e+09,"best_epoch":81,"_step":426,"fold0_val_acc":0.888261253309797,"_wandb":{"runtime":49},"best_test_acc":0.7094952347334981,"fold0_train_acc":0.975642043950225,"fold0_tmp_test_acc":0.8895164136957289,"fold0_tmp_test_loss":0.4130503833293915,"fold0_train_loss":0.08071261644363403}