{"fold0_train_acc": 0.9796134498279058, "fold0_train_loss": 0.07225462049245834, "fold0_val_acc": 0.8926743159752869, "fold0_val_loss": 0.4737018942832947, "fold0_tmp_test_acc": 0.8942816801976703, "fold0_tmp_test_loss": 0.4534916877746582, "_timestamp": 1745735384.2714143, "_runtime": 241.27485823631287, "_step": 461, "best_test_acc": 0.8745146487822096, "best_val_acc": 0.8789055604589585, "best_epoch": 231, "test_acc": 88.68160960112954, "val_acc": 88.54368932038837, "test_acc_std": 0.6991396992104923, "_wandb": {"runtime": 240}}