{"best_test_acc":0.5164135227829495,"best_val_acc":0.5201698513800425,"fold0_tmp_test_loss":1.817777395248413,"_runtime":1404.901847821,"fold0_train_acc":0.9243018128368446,"best_epoch":901,"fold0_train_loss":0.25374120473861694,"_step":777,"test_acc_std":0.9018753126800538,"_timestamp":1.7456942655447376e+09,"fold0_val_acc":0.505307855626327,"fold0_tmp_test_acc":0.5263759594969786,"_wandb":{"runtime":1404},"val_acc":51.97778866568675,"test_acc":51.420872121509056,"fold0_val_loss":1.8568308353424072}