{"fold0_train_acc":1,"fold0_val_acc":0.8188879082082966,"_wandb":{"runtime":47},"fold0_val_loss":1.9698877334594727,"_step":234,"_runtime":36.031171617,"best_epoch":35,"best_val_acc":0.8240070609002648,"_timestamp":1.7457256387558463e+09,"fold0_train_loss":2.7127880457555875e-05,"fold0_tmp_test_acc":0.816448993999294,"fold0_tmp_test_loss":1.8943774700164795,"best_test_acc":0.8233321567243205}