{"test_acc_std":0.5699987610147381,"best_test_acc":0.9149311683727497,"fold0_val_loss":0.3560188114643097,"val_acc":91.23742277140335,"best_val_acc":0.909973521624007,"_runtime":439.393541936,"fold0_train_acc":0.9673462183390699,"best_epoch":467,"_step":412,"fold0_val_acc":0.9067961165048544,"_timestamp":1.7458114413306003e+09,"fold0_tmp_test_acc":0.9052241440169432,"fold0_train_loss":0.10450354218482971,"_wandb":{"runtime":439},"fold0_tmp_test_loss":0.36166825890541077,"test_acc":91.5037063183904}