{"fold0_train_acc": 0.9917924278527932, "fold0_train_loss": 0.033848829567432404, "fold0_val_acc": 0.8969108561341571, "fold0_val_loss": 0.5876259207725525, "fold0_tmp_test_acc": 0.8884574655841864, "fold0_tmp_test_loss": 0.5823596715927124, "_timestamp": 1745744184.9994128, "_runtime": 272.5552158355713, "_step": 348, "best_test_acc": 0.8812213201553124, "best_val_acc": 0.8863195057369815, "best_epoch": 134, "test_acc": 87.29968231556654, "val_acc": 87.29744042365401, "test_acc_std": 1.035726081756065, "_wandb": {"runtime": 272}}