{"_wandb":{"runtime":73},"_runtime":73.594083977,"_step":87,"fold0_train_loss":0.07991062242537737,"fold0_test_loss":0.4616731563210487,"_timestamp":1.7470864084906757e+09}