{"_wandb":{"runtime":758},"fold0_tmp_test_loss":1.8817529678344727,"fold0_train_loss":0.2365049570798874,"val_acc":50.912951167728224,"fold0_tmp_test_acc":0.509227502858076,"test_acc_std":0.9837477318284455,"fold0_val_loss":1.9356564283370972,"_timestamp":1.7456916484724371e+09,"fold0_val_acc":0.4964886493548914,"test_acc":50.0473624040503,"best_test_acc":0.5084109096847951,"best_epoch":498,"_step":506,"fold0_train_acc":0.9248734280581414,"_runtime":758.592135846,"best_val_acc":0.5097174587620448}