{"_timestamp":1.7459468525893335e+09,"best_epoch":2865,"fold0_train_acc":0.7962600032663727,"fold0_train_loss":0.5537556409835815,"_wandb":{"runtime":485},"best_test_acc":0.5072676792422015,"_step":2999,"_runtime":482.822187371,"best_val_acc":0.49746856116282867,"fold0_tmp_test_acc":0.5071043606075453,"fold0_tmp_test_loss":1.3892570734024048,"fold0_val_loss":1.4229947328567505,"fold0_val_acc":0.4919157275845174}