{"_wandb":{"runtime":26},"fold0_val_loss":NaN,"fold0_tmp_test_acc":0.2678425608361914,"_runtime":26.535682305999998,"fold0_train_acc":0.2678425608361914,"fold0_train_loss":NaN,"fold0_tmp_test_loss":NaN,"_timestamp":1.7469435446760888e+09,"_step":53,"fold0_val_acc":0.2678425608361914}