{"_step":711,"_runtime":1029.736711491,"best_val_acc":0.846,"_wandb":{"runtime":1029},"fold0_val_acc":0.84975,"fold0_tmp_test_loss":0.17577894032001495,"fold0_train_acc":0.915625,"val_acc":87.01999999999998,"best_epoch":716,"test_acc_std":1.3250495273762426,"fold0_val_loss":0.18476076424121857,"fold0_tmp_test_acc":0.87575,"test_acc":86.63250000000001,"best_test_acc":0.8594999999999999,"fold0_train_loss":0.11903364211320877,"_timestamp":1.7458847607641788e+09}