{"fold0_train_acc": 0.7474185861795075, "fold0_train_loss": 0.696365475654602, "fold0_val_acc": 0.6538393645189762, "fold0_val_loss": 1.1258105039596558, "fold0_tmp_test_acc": 0.6583127426756089, "fold0_tmp_test_loss": 1.1083790063858032, "_timestamp": 1745754120.3073092, "_runtime": 364.3804340362549, "_step": 287, "best_test_acc": 0.7548535121779033, "best_val_acc": 0.7609885260370697, "best_epoch": 36, "test_acc": 79.39992940345924, "val_acc": 79.45454545454545, "test_acc_std": 9.772971123448045, "_wandb": {"runtime": 364}}