{"test_acc_std":0.6320879521222912,"val_acc":89.98940864960284,"test_acc":89.98411577832688,"_wandb":{"runtime":211},"_timestamp":1.7457835384922614e+09,"fold0_val_acc":0.9025595763459842,"fold0_val_loss":0.4376726746559143,"best_val_acc":0.8912621359223301,"best_test_acc":0.8891634309918814,"fold0_tmp_test_loss":0.4260178804397583,"fold0_train_acc":0.9880857823669579,"fold0_train_loss":0.04640277475118637,"_step":359,"best_epoch":137,"_runtime":211.52102915,"fold0_tmp_test_acc":0.9085774797034946}