{"_timestamp":1.7457024806636286e+09,"fold0_train_acc":0.9895860912540817,"best_val_acc":0.8307149161518094,"best_test_acc":0.8258030356512531,"fold0_val_loss":0.6504979133605957,"_wandb":{"runtime":138},"_step":180,"fold0_tmp_test_acc":0.8517472643840451,"fold0_tmp_test_loss":0.6796162128448486,"best_epoch":62,"_runtime":135.629865395,"fold0_val_acc":0.8536628420123565,"fold0_train_loss":0.04453503340482712}