{"fold0_test_loss":1.0527037189900874,"_timestamp":1.7472957469260182e+09,"_runtime":75.611295643,"_step":292,"_wandb":{"runtime":75},"fold0_train_loss":0.05774575719609856}