{"_wandb":{"runtime":1236},"fold0_val_loss":0.11666133254766464,"_step":737,"fold0_val_acc":0.7777609984471422,"fold0_tmp_test_acc":0.776403976828004,"_timestamp":1.7468601610234616e+09,"_runtime":1231.293264168,"best_epoch":553,"fold0_train_loss":0.09202791750431061,"fold0_train_acc":0.8998625230186632,"best_test_acc":0.7943634281439544,"best_val_acc":0.7880119379549614,"fold0_tmp_test_loss":0.11925212293863297}