{"fold0_train_acc": 0.8833289206601359, "fold0_train_loss": 0.3510807752609253, "fold0_val_acc": 0.8211827007943513, "fold0_val_loss": 0.5858029127120972, "fold0_tmp_test_acc": 0.8203318037416166, "fold0_tmp_test_loss": 0.5715479850769043, "_timestamp": 1745744594.2888882, "_runtime": 397.3126802444458, "_step": 979, "best_test_acc": 0.8169784680550654, "best_val_acc": 0.8210061782877317, "best_epoch": 642, "test_acc": 82.64384045181788, "val_acc": 82.78552515445719, "test_acc_std": 0.6340536255575959, "_wandb": {"runtime": 396}}