{"best_epoch":712,"_timestamp":1.7469368190688758e+09,"fold0_train_loss":0.4524000883102417,"_step":2001,"fold0_train_acc":0.8970276008492569,"_runtime":1516.04545274,"fold0_val_acc":0.4759105013882084,"best_val_acc":0.5108606892046382,"fold0_val_loss":1.550183653831482,"best_test_acc":0.5123305569165442,"fold0_tmp_test_acc":0.4942021884697044,"fold0_tmp_test_loss":1.5387991666793823,"_wandb":{"runtime":1736}}