{"best_epoch":194,"best_test_acc":0.9142252029650547,"fold0_val_loss":0.3889233469963074,"fold0_train_loss":0.04052294045686722,"test_acc_std":0.7441491584281794,"_runtime":172.653284542,"fold0_train_acc":0.9894095843261848,"fold0_val_acc":0.906972639011474,"_timestamp":1.7457685667648766e+09,"fold0_tmp_test_loss":0.40951448678970337,"test_acc":90.45534768796328,"fold0_tmp_test_acc":0.9039887045534769,"_step":256,"_wandb":{"runtime":172},"val_acc":90.56310679611653,"best_val_acc":0.9166813768755516}