{"_timestamp":1.7471882383667881e+09,"_runtime":21.595660644,"_step":223,"fold0_train_loss":0.0104902982711792,"fold0_test_loss":0.8520930279234443,"_wandb":{"runtime":21}}