{"_runtime":2.819247103,"fold0_tmp_test_loss":0.7027943730354309,"fold0_tmp_test_acc":0.4165802373074676,"fold0_val_loss":0.702618420124054,"_step":0,"fold0_train_acc":0.43156662568045756,"fold0_val_acc":0.45190666689757486,"_timestamp":1.7468291751310267e+09,"fold0_train_loss":0.7026636600494385,"_wandb":{"runtime":2}}