{"_timestamp":1.7472013455415943e+09,"_runtime":294.587372436,"_step":182,"_wandb":{"runtime":294},"fold0_train_loss":0.402258203625679,"fold0_test_loss":0.45057117357850074}