{"fold0_tmp_test_loss":0.36525699496269226,"best_test_acc":0.9050476526650194,"_step":748,"_runtime":75.995409,"best_epoch":425,"best_val_acc":0.9030891438658429,"_wandb":{"runtime":93},"fold0_train_acc":0.9598446739034507,"fold0_tmp_test_acc":0.9073420402400283,"fold0_train_loss":0.12525629997253418,"fold0_val_acc":0.906090026478376,"fold0_val_loss":0.3646063804626465,"_timestamp":1.7458128293606215e+09}