{"fold0_train_acc": 0.9918806813167417, "fold0_train_loss": 0.03481827303767204, "fold0_val_acc": 0.8840247131509268, "fold0_val_loss": 0.5712936520576477, "fold0_tmp_test_acc": 0.8780444758206848, "fold0_tmp_test_loss": 0.5633004307746887, "_timestamp": 1745753273.4119759, "_runtime": 153.2962508201599, "_step": 486, "best_test_acc": 0.8679844687610307, "best_val_acc": 0.8637246248896734, "best_epoch": 170, "test_acc": 86.06600776561947, "val_acc": 86.06884377758163, "test_acc_std": 1.1302407513581203, "_wandb": {"runtime": 152}}