{"fold0_test_loss":0.383828412592411,"_timestamp":1.7470910179880435e+09,"_runtime":207.565090381,"_step":255,"_wandb":{"runtime":207},"fold0_train_loss":0.043855314627289775}