{"fold0_val_acc":0.510697370569982,"_wandb":{"runtime":230},"fold0_tmp_test_acc":0.5234362240731667,"_runtime":230.64839111,"fold0_val_loss":2.0414576530456543,"fold0_train_acc":0.9768087538788176,"fold0_train_loss":0.11701525747776031,"fold0_tmp_test_loss":1.9859933853149414,"_step":1431,"_timestamp":1.7460302126378264e+09}