{"fold0_train_acc": 0.8056658723854911, "fold0_train_loss": 0.4930129945278168, "fold0_val_acc": 0.6406001765225067, "fold0_val_loss": 1.4325146675109863, "fold0_tmp_test_acc": 0.6475467702082598, "fold0_tmp_test_loss": 1.385929822921753, "_timestamp": 1745736804.4074795, "_runtime": 59.46457862854004, "_step": 252, "best_test_acc": 0.6376632545005295, "best_val_acc": 0.6448367166813769, "best_epoch": 47, "test_acc": 68.51394281680197, "val_acc": 68.40953221535744, "test_acc_std": 7.7761576925706555, "_wandb": {"runtime": 59}}