{"fold0_train_acc": 0.9610973624508599, "fold0_train_loss": 0.05355857312679291, "fold0_val_acc": 0.7065716479342374, "fold0_val_loss": 0.13879862427711487, "fold0_tmp_test_acc": 0.7018908635008738, "fold0_tmp_test_loss": 0.15014930069446564, "_timestamp": 1746112037.554845, "_runtime": 264.31420707702637, "_step": 302, "best_test_acc": 0.7482425902024663, "best_val_acc": 0.7641191717322158, "best_epoch": 97, "_wandb": {"runtime": 298}}