{"_timestamp":1.7469347158456135e+09,"fold0_train_loss":0.49922481179237366,"fold0_tmp_test_acc":0.42745913846168054,"best_epoch":0,"fold0_train_acc":0.4189511860023437,"best_val_acc":0.48463363524583064,"_step":400,"fold0_val_acc":0.4369097552950141,"_runtime":157.116546359,"fold0_val_loss":0.49817943572998047,"_wandb":{"runtime":158},"fold0_tmp_test_loss":0.49909093976020813,"best_test_acc":0.5240874698978779}