{"fold0_tmp_test_acc":0.5770584064702071,"_wandb":{"runtime":231},"fold0_train_loss":0.5507951974868774,"fold0_val_acc":0.6099830416193149,"fold0_val_loss":0.5491369366645813,"fold0_tmp_test_loss":0.5539394617080688,"_step":233,"_timestamp":1.7459261476076696e+09,"fold0_train_acc":0.589665214321037,"_runtime":231.586529207}