{"fold0_train_loss":0.12906550776213407,"_wandb":{"runtime":62},"fold0_test_loss":0.21800432451069354,"_timestamp":1.7472992870090456e+09,"_runtime":62.876598818,"_step":25}