{"fold0_train_acc": 0.9784661547965757, "fold0_train_loss": 0.08596154302358627, "fold0_val_acc": 0.8859664607237423, "fold0_val_loss": 0.47694045305252075, "fold0_tmp_test_acc": 0.8858100953053301, "fold0_tmp_test_loss": 0.4900549650192261, "_timestamp": 1745736485.4900498, "_runtime": 195.4583067893982, "_step": 421, "best_test_acc": 0.8986939639957642, "best_val_acc": 0.8954986760812004, "best_epoch": 334, "test_acc": 89.22520296505472, "val_acc": 89.16857899382171, "test_acc_std": 1.1306265225772283, "_wandb": {"runtime": 195}}