{"fold0_tmp_test_loss":1.5131235122680664,"_runtime":103.160094802,"_step":524,"_timestamp":1.7456889014347436e+09,"best_epoch":424,"fold0_train_loss":0.7003377676010132,"fold0_val_loss":1.5324993133544922,"fold0_tmp_test_acc":0.5007349338559529,"best_test_acc":0.4902825412379552,"fold0_train_acc":0.711089335293157,"_wandb":{"runtime":149},"fold0_val_acc":0.48930262943001795,"best_val_acc":0.4943655071043606}