{"_timestamp":1.747088067028171e+09,"_runtime":7.802647771,"_step":63,"_wandb":{"runtime":7},"fold0_train_loss":8.589007663726807,"fold0_test_loss":8.575788049697875}