{"fold0_val_loss":1.6241331100463867,"best_epoch":25,"fold0_val_acc":0.4808100604278948,"fold0_tmp_test_loss":1.6005878448486328,"best_val_acc":0.4087865425445043,"fold0_train_loss":0.5429707765579224,"fold0_train_acc":0.8071206924710109,"_runtime":61.701049276,"fold0_tmp_test_acc":0.4829332026784256,"_step":615,"_timestamp":1.7456148291076684e+09,"best_test_acc":0.4016005226196309,"_wandb":{"runtime":95}}