{"fold0_test_loss":0.17003847744315861,"_timestamp":1.7472977912737365e+09,"_runtime":406.738419542,"_step":180,"_wandb":{"runtime":406},"fold0_train_loss":0.14874266017228366}