{"fold0_tmp_test_acc":0.7899280550623515,"fold0_tmp_test_loss":0.11563865840435028,"_timestamp":1.7469278848744051e+09,"fold0_train_loss":0.1012023314833641,"_wandb":{"runtime":14398},"_runtime":13968.565370404,"fold0_train_acc":0.8642914581276806,"fold0_val_acc":0.7881111130353463,"fold0_val_loss":0.11351518332958221,"_step":3007,"best_test_acc":0.7751309716491691,"best_val_acc":0.7686851508696579,"best_epoch":2755}