{"_timestamp":1.7470866143384845e+09,"_runtime":125.862113309,"_step":108,"fold0_train_loss":0.09832357756793499,"fold0_test_loss":0.7310854166746139,"_wandb":{"runtime":125}}