{"fold0_val_loss":1.384559988975525,"_step":255,"fold0_tmp_test_acc":0.37971582557569816,"fold0_tmp_test_loss":1.3815011978149414,"fold0_val_acc":0.3834721541727911,"_wandb":{"runtime":53},"fold0_train_acc":0.3935979095214764,"best_epoch":155,"_timestamp":1.745696949578e+09,"fold0_train_loss":1.3625150918960571,"_runtime":43.313461471,"best_test_acc":0.3811856932876041,"best_val_acc":0.3924546790788829}