{"fold0_val_acc":0.9106796116504854,"best_val_acc":0.913503971756399,"test_acc":91.18249205788918,"_wandb":{"runtime":370},"_timestamp":1.7458074141551387e+09,"test_acc_std":0.5106794880421204,"_runtime":370.477606592,"fold0_train_acc":0.9655811490601006,"fold0_val_loss":0.342235267162323,"_step":588,"best_test_acc":0.9163430991881398,"best_epoch":422,"fold0_train_loss":0.1367311328649521,"val_acc":91.25684024713149,"fold0_tmp_test_loss":0.3392122685909271,"fold0_tmp_test_acc":0.9115778326861984}