{"fold0_train_acc": 0.9599329273673992, "fold0_train_loss": 0.13458369672298431, "fold0_val_acc": 0.8739629302736099, "fold0_val_loss": 0.49508771300315857, "fold0_tmp_test_acc": 0.8766325450052947, "fold0_tmp_test_loss": 0.5005770325660706, "_timestamp": 1745736729.1567314, "_runtime": 232.27545046806335, "_step": 878, "best_test_acc": 0.8559830568302154, "best_val_acc": 0.8578993821712269, "best_epoch": 279, "test_acc": 87.9138722202612, "val_acc": 87.75639894086495, "test_acc_std": 1.1158050710392746, "_wandb": {"runtime": 231}}