{"fold0_train_loss":0.2970115542411804,"best_epoch":412,"fold0_val_loss":1.6944530010223389,"_timestamp":1.745863392438262e+09,"fold0_train_acc":0.9079699493712232,"_wandb":{"runtime":108},"fold0_val_acc":0.5133104687244815,"fold0_tmp_test_acc":0.5108606892046382,"fold0_tmp_test_loss":1.7195343971252441,"_step":512,"best_test_acc":0.5126571941858566,"best_val_acc":0.5213130818226359,"_runtime":83.505060978}