{"_wandb":{"runtime":83},"_timestamp":1.747295897625509e+09,"_runtime":83.602972867,"_step":323,"fold0_train_loss":0.003367325988074299,"fold0_test_loss":0.005687432028789772}