{"fold0_test_loss":0.0835330922100693,"_timestamp":1.747291176405534e+09,"_runtime":63.763212534,"_wandb":{"runtime":63},"_step":0,"fold0_train_loss":0.0883375389051158}