{"fold0_tmp_test_acc":0.8549241087186727,"best_val_acc":0.866548984995587,"_wandb":{"runtime":229},"_timestamp":1.745708556610087e+09,"fold0_train_acc":0.9618745035742653,"fold0_tmp_test_loss":0.546909511089325,"best_test_acc":0.8639251676667843,"best_epoch":540,"_runtime":205.841387928,"_step":400,"fold0_val_acc":0.855251544571933,"fold0_train_loss":0.13939237594604492,"fold0_val_loss":0.5760052800178528}