{"fold0_val_loss":1.3951973915100098,"_runtime":71.613511867,"fold0_tmp_test_acc":0.3687734770537318,"fold0_tmp_test_loss":1.393151044845581,"fold0_train_acc":0.3687734770537318,"_step":176,"_wandb":{"runtime":71},"fold0_train_loss":1.3904589414596558,"_timestamp":1.7460281812929997e+09,"fold0_val_acc":0.36861015841907563}