{"_timestamp":1.7459354293112416e+09,"fold0_train_acc":0.9889645,"fold0_tmp_test_loss":0.17317745089530945,"_runtime":338.330361432,"best_test_acc":0.9720509999999999,"fold0_val_acc":0.9665900000000001,"fold0_val_loss":0.18362189829349518,"best_val_acc":0.968269,"_wandb":{"runtime":344},"_step":1229,"best_epoch":1129,"fold0_train_loss":0.12467557936906815,"fold0_tmp_test_acc":0.9713104999999999}