{"test_acc":89.82527356159548,"fold0_tmp_test_loss":0.4350695312023163,"test_acc_std":0.7314603116301026,"val_acc":89.75639894086494,"best_val_acc":0.8999117387466902,"fold0_train_loss":0.09433607012033463,"_timestamp":1.7457177624297936e+09,"fold0_val_acc":0.8983230361871138,"_runtime":206.034547369,"best_test_acc":0.8960465937169079,"fold0_train_acc":0.9725531727120289,"fold0_tmp_test_acc":0.8960465937169079,"_step":340,"best_epoch":310,"fold0_val_loss":0.4424232244491577,"_wandb":{"runtime":206}}