{"fold0_train_loss":0.10535287111997604,"fold0_tmp_test_loss":0.48290541768074036,"fold0_train_acc":0.9682287529785544,"_step":317,"fold0_val_loss":0.4741552174091339,"fold0_tmp_test_acc":0.8854571126014825,"fold0_val_acc":0.8912621359223301,"_timestamp":1.7457219148459756e+09,"best_val_acc":0.8711385701676964,"_wandb":{"runtime":83},"best_epoch":201,"best_test_acc":0.8753971055418285,"_runtime":81.328359564}