{"fold0_train_loss":0.15706206858158112,"test_acc":84.8325,"best_test_acc":0.839,"_timestamp":1.7458868231092517e+09,"_wandb":{"runtime":356},"fold0_val_loss":0.2193540334701538,"fold0_val_acc":0.8004999999999999,"_runtime":356.616194764,"fold0_train_acc":0.8655,"fold0_tmp_test_loss":0.2015398144721985,"best_val_acc":0.8372499999999999,"_step":545,"val_acc":84.91,"best_epoch":498,"test_acc_std":0.9654047078816272,"fold0_tmp_test_acc":0.83375}