{"best_val_acc":0.5231095868038543,"fold0_tmp_test_loss":2.346585512161255,"fold0_val_acc":0.5162502041482934,"best_test_acc":0.5154336109750123,"fold0_train_loss":0.0753408819437027,"fold0_tmp_test_acc":0.5193532582067614,"_timestamp":1.7459523081674824e+09,"best_epoch":875,"fold0_train_acc":0.9861995753715499,"_wandb":{"runtime":586},"fold0_val_loss":2.3949830532073975,"_runtime":528.970856943,"_step":2999}