{"_timestamp":1.7470474734162126e+09,"_runtime":50.535327072,"_step":29,"fold0_train_loss":0.4431940605957061,"fold0_test_loss":0.9014463629201055,"_wandb":{"runtime":50}}