{"fold0_train_loss":0.34511062502861023,"best_val_acc":0.5209864445533235,"val_acc":52.008819206271426,"fold0_tmp_test_acc":0.5138004246284501,"test_acc_std":0.6590144697639163,"_timestamp":1.7465480186934469e+09,"test_acc":51.30818226359628,"_wandb":{"runtime":1962},"fold0_tmp_test_loss":1.5951565504074097,"fold0_train_acc":0.8911481300016332,"best_test_acc":0.5165768414176057,"fold0_val_acc":0.5046545810877021,"_step":931,"_runtime":1962.330905072,"best_epoch":745,"fold0_val_loss":1.6222963333129883}