{"_step":105,"best_val_acc":0.3679568838804508,"fold0_val_acc":0.3160215580597746,"fold0_tmp_test_loss":14.408352851867676,"fold0_val_loss":14.54833984375,"fold0_train_acc":0.3100604278948228,"fold0_tmp_test_acc":0.3114486362894006,"_runtime":67.47637966,"_wandb":{"runtime":70},"best_epoch":5,"_timestamp":1.7459373681958485e+09,"best_test_acc":0.36812020251510696,"fold0_train_loss":14.374166488647461}