{"fold0_train_acc":0.9631100520695437,"fold0_train_loss":0.13351325690746307,"fold0_val_loss":0.500048816204071,"fold0_tmp_test_loss":0.5031310319900513,"_timestamp":1.7457045409191377e+09,"_runtime":284.558904536,"best_val_acc":0.5064430714916152,"best_epoch":9,"_wandb":{"runtime":288},"fold0_val_acc":0.866548984995587,"fold0_tmp_test_acc":0.8639251676667843,"_step":725,"best_test_acc":0.5038828097423226}