{"fold0_tmp_test_loss":0.43462300300598145,"best_epoch":124,"best_test_acc":0.8953406283092128,"best_val_acc":0.8902030008826125,"test_acc_std":0.7663973114256835,"fold0_train_acc":0.9832318418497926,"_runtime":189.256271447,"fold0_val_loss":0.44850993156433105,"fold0_tmp_test_acc":0.9015178256265443,"fold0_train_loss":0.06063906103372574,"_timestamp":1.7457192292321773e+09,"test_acc":90.14295799505825,"val_acc":90.07060900264783,"fold0_val_acc":0.9023830538393646,"_wandb":{"runtime":189},"_step":243}