{"_timestamp":1.7470758445154178e+09,"_runtime":70.60598534,"_step":84,"fold0_train_loss":0.07050485856831074,"_wandb":{"runtime":70},"fold0_test_loss":0.4214364844560623}