{"fold0_train_loss":0.4083531923592091,"fold0_test_loss":0.24192628629505633,"_timestamp":1.7472995692236044e+09,"_runtime":1.845052873,"_step":0,"_wandb":{"runtime":1}}