{"_step":568,"best_test_acc":0.471010942348522,"best_epoch":468,"fold0_val_loss":1.5664204359054565,"fold0_train_loss":0.5600129961967468,"fold0_tmp_test_acc":0.4688878000979912,"fold0_train_acc":0.8159398987424465,"_runtime":26.48662927,"_wandb":{"runtime":34},"fold0_tmp_test_loss":1.5752681493759155,"best_val_acc":0.4700310305405847,"fold0_val_acc":0.46284501061571126,"_timestamp":1.7458730334652784e+09}