{"fold0_val_loss":0.11659254133701324,"best_val_acc":0.7844127715336346,"_runtime":3046.614991158,"_wandb":{"runtime":3046},"fold0_tmp_test_loss":0.11914973706007004,"fold0_train_loss":0.08965540677309036,"test_acc_std":1.0906045832565965,"fold0_tmp_test_acc":0.7804937094357309,"_timestamp":1.7466639194662378e+09,"test_acc":78.94648806651443,"fold0_train_acc":0.8999054719475377,"fold0_val_acc":0.7735652806400776,"best_test_acc":0.7746708103502813,"best_epoch":870,"val_acc":78.82908289027817,"_step":777}