{"fold0_train_acc": 0.9663754302356368, "fold0_train_loss": 0.12164022028446198, "fold0_val_acc": 0.811297440423654, "fold0_val_loss": 0.7639456391334534, "fold0_tmp_test_acc": 0.8104482880338864, "fold0_tmp_test_loss": 0.7260798215866089, "_timestamp": 1745748401.362003, "_runtime": 93.85433197021484, "_step": 323, "best_test_acc": 0.800564772326156, "best_val_acc": 0.8104148278905561, "best_epoch": 129, "test_acc": 80.52064948817508, "val_acc": 80.38128861429833, "test_acc_std": 0.6371337804447587, "_wandb": {"runtime": 93}}