{"fold0_test_loss":0.14314544636290522,"_timestamp":1.7473013903869557e+09,"_runtime":83.61369374,"_step":219,"_wandb":{"runtime":83},"fold0_train_loss":0.018818285884335637}