{"fold0_train_acc": 0.9356632247815727, "fold0_train_loss": 0.18034552037715912, "fold0_val_acc": 0.7419240953221535, "fold0_val_loss": 1.0808603763580322, "fold0_tmp_test_acc": 0.740557712672079, "fold0_tmp_test_loss": 1.0760997533798218, "_timestamp": 1745742266.5171854, "_runtime": 241.42548036575317, "_step": 277, "best_test_acc": 0.7315566537239675, "best_val_acc": 0.739982347749338, "best_epoch": 59, "test_acc": 73.8016237204377, "val_acc": 73.74580759046778, "test_acc_std": 0.4937469774885182, "_wandb": {"runtime": 241}}