{"_step":200,"fold0_train_loss":0.044739259779453276,"fold0_test_loss":0.46391226947307584,"_timestamp":1.7470821772479496e+09,"_runtime":196.803052374,"_wandb":{"runtime":196}}