{"_wandb":{"runtime":108},"_step":12,"fold0_train_loss":3.9764523673057557,"fold0_test_loss":0,"_timestamp":1.747292565458417e+09,"_runtime":108.785240949}