{"_runtime":282.592867184,"_step":174,"_wandb":{"runtime":282},"fold0_train_loss":0.20404205380007626,"fold0_test_loss":0.6276642403192818,"_timestamp":1.747183965896696e+09}