{"fold0_train_loss":0.20643211901187897,"best_val_acc":0.5155969296096684,"best_epoch":485,"fold0_val_acc":0.5126571941858566,"fold0_train_acc":0.9392454679078883,"_wandb":{"runtime":814},"best_test_acc":0.5080842724154826,"_timestamp":1.745864211564162e+09,"_runtime":781.113344937,"fold0_val_loss":1.959360957145691,"fold0_tmp_test_acc":0.5165768414176057,"fold0_tmp_test_loss":1.9433693885803223,"_step":596}