{"fold0_train_loss":0.03817656900850125,"_runtime":1612.869905218,"best_test_loss":0.017604608875280973,"fold0_test_loss":0.057164506338885986,"best_epoch":466,"_wandb":{"runtime":1656},"_step":500,"best_train_loss":0.00021782361958685214,"_timestamp":1.7470492951724415e+09}