{"fold0_train_acc": 0.879887035566146, "fold0_train_loss": 0.3469518721103668, "fold0_val_acc": 0.70432480141218, "fold0_val_loss": 1.110134243965149, "fold0_tmp_test_acc": 0.7024355806565479, "fold0_tmp_test_loss": 1.1223136186599731, "_timestamp": 1745737799.769568, "_runtime": 31.235893964767456, "_step": 293, "best_test_acc": 0.708789269325803, "best_val_acc": 0.7195057369814651, "best_epoch": 97, "test_acc": 70.90010589481115, "val_acc": 70.62842012356576, "test_acc_std": 0.7051619147969757, "_wandb": {"runtime": 30}}