{"best_epoch":31,"_runtime":11.230036538,"best_val_acc":0.8063548102383054,"_step":131,"best_test_acc":0.7986233674549947,"_timestamp":1.7457257923492773e+09,"fold0_tmp_test_loss":2.013976812362671,"fold0_val_loss":1.989957571029663,"fold0_train_loss":5.380846414482221e-05,"fold0_train_acc":1,"_wandb":{"runtime":16},"fold0_tmp_test_acc":0.7963289798799859,"fold0_val_acc":0.8040600176522507}