{"fold0_train_acc":0.9447983014861996,"fold0_tmp_test_loss":1.851409912109375,"fold0_val_acc":0.5141270618977626,"fold0_val_loss":1.900881052017212,"fold0_tmp_test_acc":0.5196798954760738,"_wandb":{"runtime":383},"_step":2259,"fold0_train_loss":0.19836117327213287,"_timestamp":1.7459502685204601e+09,"_runtime":383.628528898}