{"best_epoch":2420,"best_test_acc":0.509227502858076,"_step":2999,"_timestamp":1.7459495662282412e+09,"fold0_tmp_test_loss":1.93770170211792,"fold0_train_loss":0.1674240678548813,"best_val_acc":0.5159235668789809,"fold0_val_acc":0.5071043606075453,"fold0_val_loss":1.9302594661712646,"fold0_tmp_test_acc":0.5118406010125756,"_runtime":482.846947491,"_wandb":{"runtime":487},"fold0_train_acc":0.9577821329413686}