{"_wandb":{"runtime":39},"fold0_train_loss":0.01639983001165092,"fold0_test_loss":0.3368961924687028,"_timestamp":1.7472995250770652e+09,"_runtime":39.800505475,"_step":150}