{"fold0_tmp_test_acc":0.9788159999999999,"best_epoch":910,"_timestamp":1.7459326466606894e+09,"_runtime":280.28334078,"best_test_acc":0.9787850000000001,"fold0_val_acc":0.9708950000000001,"fold0_tmp_test_loss":0.14752505719661713,"fold0_train_acc":0.9883985000000001,"_step":1010,"fold0_val_loss":0.17161798477172852,"_wandb":{"runtime":287},"fold0_train_loss":0.11416193842887878,"best_val_acc":0.973227}