{"fold0_train_acc":0.8121019108280255,"fold0_val_loss":1.6317095756530762,"fold0_val_acc":0.4401437203984975,"fold0_train_loss":0.5581238865852356,"best_epoch":285,"_timestamp":1.7458729914350255e+09,"_step":385,"fold0_tmp_test_loss":1.6436693668365479,"best_test_acc":0.43312101910828027,"_wandb":{"runtime":20},"fold0_tmp_test_acc":0.4463498285154336,"best_val_acc":0.44112363220643475,"_runtime":16.743036066}