{"fold0_train_acc": 0.7775130173859324, "fold0_train_loss": 0.5994405150413513, "fold0_val_acc": 0.6515445719329215, "fold0_val_loss": 1.2355692386627197, "fold0_tmp_test_acc": 0.6494881750794211, "fold0_tmp_test_loss": 1.2066872119903564, "_timestamp": 1745742012.5071268, "_runtime": 111.51112771034241, "_step": 267, "best_test_acc": 0.6431344864101659, "best_val_acc": 0.6458958517210944, "best_epoch": 67, "test_acc": 73.02682668549242, "val_acc": 73.1332744924978, "test_acc_std": 9.935867633078844, "_wandb": {"runtime": 111}}