{"fold0_tmp_test_loss":1.7335782051086426,"fold0_train_acc":0.9095214764004573,"best_epoch":510,"_wandb":{"runtime":170},"_timestamp":1.745944922230965e+09,"best_test_acc":0.5226196308998857,"fold0_tmp_test_acc":0.5222929936305732,"fold0_train_loss":0.284856915473938,"_runtime":155.73508218,"_step":610,"fold0_val_acc":0.5154336109750123,"fold0_val_loss":1.7675554752349854,"best_val_acc":0.5219663563612609}