{"_wandb":{"runtime":17},"fold0_train_acc":0.9767010855176066,"_step":195,"fold0_tmp_test_acc":0.8160960112954465,"best_epoch":77,"fold0_train_loss":0.09472434222698212,"best_val_acc":0.8141218005295675,"best_test_acc":0.798446876103071,"fold0_tmp_test_loss":0.7539553046226501,"_runtime":17.224162733,"_timestamp":1.7457016845950713e+09,"fold0_val_loss":0.74250727891922,"fold0_val_acc":0.8231244483671668}