{"fold0_tmp_test_acc":0.8513942816801977,"fold0_tmp_test_loss":0.6597685217857361,"best_epoch":53,"fold0_val_loss":0.6504483819007874,"fold0_train_acc":0.9891448239343394,"_step":174,"_runtime":38.505694705,"fold0_train_loss":0.04101894050836563,"fold0_val_acc":0.8550750220653133,"_timestamp":1.7457025384287379e+09,"best_val_acc":0.8432480141218005,"_wandb":{"runtime":49},"best_test_acc":0.8370984821743734}