{"fold0_tmp_test_loss":1.7310370206832886,"_wandb":{"runtime":387},"fold0_val_acc":0.5134737873591376,"_step":661,"best_val_acc":0.5049812183570145,"fold0_train_loss":0.24435345828533173,"_timestamp":1.7460250900467236e+09,"fold0_train_acc":0.9304262616364527,"best_test_acc":0.5022048015678588,"_runtime":327.977312819,"fold0_tmp_test_acc":0.5136371059937939,"best_epoch":340,"fold0_val_loss":1.7374043464660645}