{"fold0_val_loss":0.4345166087150574,"test_acc_std":0.7692755748481419,"val_acc":89.6875551632833,"_wandb":{"runtime":198},"fold0_tmp_test_loss":0.43415796756744385,"_timestamp":1.7457311566146183e+09,"best_val_acc":0.906090026478376,"best_test_acc":0.9069890575361808,"fold0_tmp_test_acc":0.9024002823861631,"_runtime":198.347091674,"best_epoch":190,"fold0_train_loss":0.05662347376346588,"fold0_val_acc":0.9087378640776699,"fold0_train_acc":0.9849969111287618,"_step":308,"test_acc":89.78821037769148}