{"fold0_val_loss":0.114460289478302,"fold0_tmp_test_acc":0.7755480721942974,"fold0_tmp_test_loss":0.11756834387779236,"best_val_acc":0.797999988454589,"best_test_acc":0.8033887543320504,"_wandb":{"runtime":1319},"fold0_train_acc":0.888480999139867,"fold0_val_acc":0.7775206229903769,"_timestamp":1.7468643396326005e+09,"best_epoch":1728,"fold0_train_loss":0.09676234424114227,"_step":1494,"_runtime":1307.548679192}