{"fold0_train_acc": 0.9988527049686701, "fold0_train_loss": 0.007413849234580994, "fold0_val_acc": 0.8992056487202118, "fold0_val_loss": 0.6101423501968384, "fold0_tmp_test_acc": 0.898870455347688, "fold0_tmp_test_loss": 0.6118689179420471, "_timestamp": 1745740291.4125762, "_runtime": 174.4266712665558, "_step": 275, "best_test_acc": 0.8796328979879986, "best_val_acc": 0.8847308031774052, "best_epoch": 69, "test_acc": 88.26509001058949, "val_acc": 88.22771403353927, "test_acc_std": 0.6008720587857987, "_wandb": {"runtime": 174}}