{"best_epoch":228,"_runtime":239.211677635,"val_acc":85.96116504854369,"fold0_tmp_test_acc":0.8651606071302507,"test_acc":85.89481115425345,"fold0_val_acc":0.870432480141218,"fold0_train_acc":0.975642043950225,"fold0_tmp_test_loss":0.5747905969619751,"_timestamp":1.7457038599364939e+09,"best_test_acc":0.8649841157783269,"best_val_acc":0.8669020300088262,"fold0_train_loss":0.08475549519062042,"fold0_val_loss":0.5707113742828369,"_step":365,"test_acc_std":0.6551990366011579,"_wandb":{"runtime":239}}