{"_runtime":97.834603267,"best_test_acc":0.8097423226261913,"fold0_train_acc":0.8703556614597123,"_wandb":{"runtime":103},"fold0_tmp_test_loss":0.5972954034805298,"fold0_val_loss":0.6087629199028015,"_timestamp":1.7457055206121547e+09,"best_val_acc":0.8132391879964695,"fold0_val_acc":0.812180052956752,"fold0_tmp_test_acc":0.8097423226261913,"fold0_train_loss":0.39273929595947266,"_step":1499,"best_epoch":1488}