{"_timestamp":1.747300809003073e+09,"_runtime":4.808530382,"_step":10,"fold0_train_loss":2.4423674035072325,"fold0_test_loss":3.1341933900117875,"_wandb":{"runtime":4}}