{"best_test_acc":0.47329740323370895,"fold0_val_loss":1.5301718711853027,"fold0_val_acc":0.4723174914257717,"fold0_tmp_test_acc":0.47362404050302137,"_step":494,"_wandb":{"runtime":131},"fold0_train_loss":0.514076292514801,"fold0_train_acc":0.852931569492079,"_timestamp":1.7458534140998516e+09,"best_val_acc":0.47574718275355216,"_runtime":91.991291837,"best_epoch":394,"fold0_tmp_test_loss":1.5408083200454712}