{"_wandb":{"runtime":165},"fold0_train_loss":4.016857265043258,"fold0_test_loss":0,"_timestamp":1.7472922127826724e+09,"_runtime":165.547634477,"_step":1}