{"fold0_train_acc": 0.949166004765687, "fold0_train_loss": 0.17063342034816742, "fold0_val_acc": 0.8368932038834952, "fold0_val_loss": 0.5821900367736816, "fold0_tmp_test_acc": 0.8356865513589834, "fold0_tmp_test_loss": 0.5747053623199463, "_timestamp": 1745750068.3408425, "_runtime": 230.23638248443604, "_step": 608, "best_test_acc": 0.8314507589128133, "best_val_acc": 0.841306266548985, "best_epoch": 299, "test_acc": 80.6583127426756, "val_acc": 80.61606354810237, "test_acc_std": 7.672436346187395, "_wandb": {"runtime": 229}}