{"fold0_val_acc":0.7766059955319258,"_step":2999,"best_test_acc":0.7862476882262894,"fold0_train_loss":0.09512582421302795,"fold0_val_loss":0.11915295571088791,"_runtime":1171.344969047,"best_epoch":2716,"_wandb":{"runtime":1275},"fold0_train_acc":0.8940960231831853,"fold0_tmp_test_acc":0.7823551346196916,"best_val_acc":0.7833711445543182,"fold0_tmp_test_loss":0.11873751878738403,"_timestamp":1.7469343613552282e+09}