{"fold0_train_acc": 0.7061159650516283, "fold0_train_loss": 0.8378017544746399, "fold0_val_acc": 0.6889673433362754, "fold0_val_loss": 0.944934606552124, "fold0_tmp_test_acc": 0.684256971408401, "fold0_tmp_test_loss": 0.9340010285377502, "_timestamp": 1745760528.7363095, "_runtime": 729.6387515068054, "_step": 373, "best_test_acc": 0.7137310271796682, "best_val_acc": 0.7235657546337158, "best_epoch": 357, "test_acc": 71.95375926579598, "val_acc": 71.76345984112974, "test_acc_std": 0.7357149493042182, "_wandb": {"runtime": 729}}