{"fold0_test_loss":0.001801558815932367,"_timestamp":1.7472955790954242e+09,"_runtime":106.739299645,"_wandb":{"runtime":106},"_step":415,"fold0_train_loss":0.0009787866465558182}