{"fold0_train_acc": 0.9822610537463595, "fold0_train_loss": 0.06717914342880249, "fold0_val_acc": 0.8538393645189761, "fold0_val_loss": 0.7378840446472168, "fold0_tmp_test_acc": 0.8524532297917402, "fold0_tmp_test_loss": 0.6847450137138367, "_timestamp": 1745752964.7307303, "_runtime": 51.65660238265991, "_step": 334, "best_test_acc": 0.840275326509001, "best_val_acc": 0.8437775816416593, "best_epoch": 131, "test_acc": 78.19978821037769, "val_acc": 77.96999117387467, "test_acc_std": 8.749948548049609, "_wandb": {"runtime": 51}}