{"fold0_train_acc": 0.9942635248433501, "fold0_train_loss": 0.024917369708418846, "fold0_val_acc": 0.9016769638128861, "fold0_val_loss": 0.5366254448890686, "fold0_tmp_test_acc": 0.9031062477938581, "fold0_tmp_test_loss": 0.5162056684494019, "_timestamp": 1745736274.9547613, "_runtime": 289.62844920158386, "_step": 318, "best_test_acc": 0.8840451817860925, "best_val_acc": 0.8819064430714916, "best_epoch": 166, "test_acc": 89.50582421461348, "val_acc": 89.37511032656664, "test_acc_std": 0.5973235016283109, "_wandb": {"runtime": 289}}