{"fold0_train_acc": 0.9796134498279058, "fold0_train_loss": 0.0751301497220993, "fold0_val_acc": 0.8683142100617829, "fold0_val_loss": 0.6182640194892883, "fold0_tmp_test_acc": 0.8768090363572185, "fold0_tmp_test_loss": 0.5740154385566711, "_timestamp": 1745745008.0674956, "_runtime": 113.31783652305603, "_step": 321, "best_test_acc": 0.837451464878221, "best_val_acc": 0.8443071491615181, "best_epoch": 180, "test_acc": 76.94316978468055, "val_acc": 76.55428067078553, "test_acc_std": 9.701757708701525, "_wandb": {"runtime": 112}}