{"_runtime":447.547658624,"_step":290,"fold0_train_loss":NaN,"fold0_test_loss":NaN,"_timestamp":1.747186033026326e+09,"_wandb":{"runtime":447}}