{"fold0_train_loss":0.010233894507400691,"best_epoch":460,"fold0_test_loss":0.23435159467160702,"_step":499,"best_test_loss":0.22318523842841387,"_wandb":{"runtime":152},"_timestamp":1.7473004828585749e+09,"best_train_loss":0.008782510557211935,"_runtime":149.719823731}