{"_runtime":112.573287651,"_step":62,"fold0_train_loss":0.11924628291279077,"_wandb":{"runtime":112},"fold0_test_loss":0.2366366256773472,"_timestamp":1.7472970192902758e+09}