{"fold0_val_loss":0.37526094913482666,"_runtime":343.786768716,"val_acc":91.28155339805826,"test_acc":91.27426756088951,"test_acc_std":0.43819643067921693,"_wandb":{"runtime":343},"_timestamp":1.7457851416528437e+09,"fold0_tmp_test_acc":0.9184609954112248,"best_test_acc":0.913342746205436,"best_val_acc":0.9150926743159753,"fold0_train_loss":0.055500514805316925,"fold0_tmp_test_loss":0.3876958191394806,"fold0_val_acc":0.9195057369814651,"fold0_train_acc":0.9850851645927102,"_step":561,"best_epoch":447}