{"_timestamp":1.7458729190345278e+09,"_wandb":{"runtime":40},"_step":506,"best_test_acc":0.467254613751429,"best_epoch":406,"_runtime":24.781960832,"fold0_train_acc":0.8539931406173444,"fold0_train_loss":0.44483426213264465,"fold0_val_loss":1.7611265182495117,"best_val_acc":0.4742773150416463,"fold0_val_acc":0.46382492242364853,"fold0_tmp_test_acc":0.47068430507920955,"fold0_tmp_test_loss":1.7880783081054688}