{"test_acc_std":0.6021149329655183,"best_test_acc":0.9158136251323685,"_runtime":2223.636633456,"best_val_acc":0.9210944395410415,"fold0_train_acc":0.9973523960815462,"test_acc":92.16201906106602,"fold0_val_loss":0.38677021861076355,"_timestamp":1.7458458960634372e+09,"fold0_val_acc":0.9237422771403354,"_wandb":{"runtime":2223},"fold0_train_loss":0.016334516927599907,"best_epoch":779,"val_acc":92.02294792586055,"fold0_tmp_test_acc":0.922696787857395,"_step":3009,"fold0_tmp_test_loss":0.4002363383769989}