{"fold0_train_acc": 0.6400141205542318, "fold0_train_loss": 1.1294699907302856, "fold0_val_acc": 0.6261253309796999, "fold0_val_loss": 1.194257378578186, "fold0_tmp_test_acc": 0.6249558771620191, "fold0_tmp_test_loss": 1.1789363622665405, "_timestamp": 1745765030.243373, "_runtime": 835.6016058921814, "_step": 424, "best_test_acc": 0.645958348040946, "best_val_acc": 0.6545454545454545, "best_epoch": 186, "test_acc": 65.80303565125307, "val_acc": 65.82171226831422, "test_acc_std": 0.9110510254853861, "_wandb": {"runtime": 835}}