{"fold0_val_acc":0.98638,"fold0_tmp_test_loss":0.12501958012580872,"fold0_tmp_test_acc":0.9866340000000001,"_step":2009,"best_epoch":1968,"test_acc_std":0.21193888647437958,"_timestamp":1.7469937634600477e+09,"test_acc":99.03752000000001,"fold0_train_loss":0.0135634895414114,"best_val_acc":0.992414,"_wandb":{"runtime":2395},"fold0_val_loss":0.12748076021671295,"val_acc":99.03592,"fold0_train_acc":0.9999885,"_runtime":2395.853862235,"best_test_acc":0.9932249999999999}