{"_runtime":124.840159003,"_step":152,"_wandb":{"runtime":124},"fold0_train_loss":0.061140675097703934,"fold0_test_loss":0.6567635583877564,"_timestamp":1.7471900133383625e+09}