{"fold0_train_acc":0.9768775924455035,"fold0_tmp_test_acc":0.9031062477938581,"val_acc":89.2603706972639,"best_val_acc":0.8932038834951457,"_timestamp":1.7457173367128093e+09,"test_acc_std":0.5615338007523639,"best_epoch":265,"fold0_tmp_test_loss":0.41067343950271606,"_step":283,"_runtime":141.656584211,"fold0_val_loss":0.4279125928878784,"_wandb":{"runtime":141},"fold0_val_acc":0.9064430714916152,"test_acc":89.37698552770912,"best_test_acc":0.8963995764207554,"fold0_train_loss":0.08302614092826843}