{"best_val_acc":0.5118406010125756,"fold0_train_acc":0.9772987097827862,"fold0_val_acc":0.5046545810877021,"_runtime":241.316526081,"_step":877,"_timestamp":1.745945875286222e+09,"fold0_train_loss":0.10885423421859741,"fold0_val_loss":2.1597037315368652,"fold0_tmp_test_acc":0.5169034786869182,"_wandb":{"runtime":276},"best_test_acc":0.5201698513800425,"best_epoch":777,"fold0_tmp_test_loss":2.141533374786377}