{"_step":731,"_timestamp":1.7458628476830537e+09,"test_acc_std":0.598236849828808,"fold0_train_loss":0.21490280330181122,"best_epoch":646,"val_acc":52.263596276335136,"fold0_val_acc":0.5089008655887637,"best_test_acc":0.5183733463988242,"_runtime":1114.722176014,"_wandb":{"runtime":1114},"fold0_tmp_test_acc":0.5182100277641679,"fold0_tmp_test_loss":1.8329814672470093,"fold0_train_acc":0.9404703576678098,"best_val_acc":0.5273558713049159,"test_acc":51.98758778376612,"fold0_val_loss":1.8581831455230713}