{"best_val_acc":0.9835959999999999,"_runtime":355.955261771,"fold0_val_acc":0.9808650000000001,"fold0_val_loss":0.14275634288787842,"fold0_train_loss":0.022460490465164185,"_timestamp":1.7466713406403081e+09,"best_test_acc":0.9841810000000001,"best_epoch":994,"_wandb":{"runtime":454},"fold0_train_acc":0.999925,"fold0_tmp_test_acc":0.984415,"fold0_tmp_test_loss":0.12948788702487946,"_step":2000}