{"_runtime":469.818889071,"_step":499,"fold0_test_loss":0.418500183224678,"best_epoch":457,"_wandb":{"runtime":520},"best_test_loss":0.40995842337608335,"best_train_loss":0.012446492202579975,"fold0_train_loss":0.020236266162246466,"_timestamp":1.7470810199180098e+09}