{"best_epoch":896,"fold0_val_loss":1.6889045238494873,"fold0_train_acc":0.9054385105340519,"fold0_tmp_test_acc":0.5072676792422015,"fold0_val_acc":0.5118406010125756,"_step":723,"best_test_acc":0.505307855626327,"best_val_acc":0.5126571941858566,"_timestamp":1.7458603993986971e+09,"_runtime":793.106839426,"fold0_train_loss":0.31778645515441895,"_wandb":{"runtime":795},"fold0_tmp_test_loss":1.713281273841858}