{"fold0_train_acc": 0.9917924278527932, "fold0_train_loss": 0.028151636943221092, "fold0_val_acc": 0.8958517210944396, "fold0_val_loss": 0.491767555475235, "fold0_tmp_test_acc": 0.8965760677726792, "fold0_tmp_test_loss": 0.5168660283088684, "_timestamp": 1745751068.4896402, "_runtime": 512.1249871253967, "_step": 508, "best_test_acc": 0.8831627250264737, "best_val_acc": 0.8826125330979699, "best_epoch": 169, "test_acc": 88.27567949170489, "val_acc": 88.12356575463373, "test_acc_std": 0.9418769846079096, "_wandb": {"runtime": 511}}