{"fold0_tmp_test_loss":1.6299899816513062,"best_test_acc":0.5018781642985465,"best_val_acc":0.4953454189122979,"best_epoch":1267,"fold0_train_acc":0.8744079699493712,"_timestamp":1.7466459435060053e+09,"fold0_train_loss":0.3785293400287628,"_runtime":232.564185155,"fold0_val_acc":0.4896292666993304,"fold0_val_loss":1.6692571640014648,"_wandb":{"runtime":234},"fold0_tmp_test_acc":0.5020414829332027,"_step":1467}