{"fold0_train_acc": 0.9586973788721207, "fold0_train_loss": 0.13913482427597046, "fold0_val_acc": 0.8751985878199471, "fold0_val_loss": 0.5253713130950928, "fold0_tmp_test_acc": 0.8766325450052947, "fold0_tmp_test_loss": 0.4906158447265625, "_timestamp": 1745734164.0516324, "_runtime": 256.77274346351624, "_step": 517, "best_test_acc": 0.8494528768090364, "best_val_acc": 0.8513680494263018, "best_epoch": 257, "test_acc": 85.72537945640664, "val_acc": 85.77405119152692, "test_acc_std": 1.78179011893282, "_wandb": {"runtime": 256}}