{"fold0_train_acc": 0.9776718736210396, "fold0_train_loss": 0.08351533114910126, "fold0_val_acc": 0.8488967343336276, "fold0_val_loss": 0.7082141637802124, "fold0_tmp_test_acc": 0.8513942816801977, "fold0_tmp_test_loss": 0.7181591391563416, "_timestamp": 1745745953.1712356, "_runtime": 39.34784746170044, "_step": 294, "best_test_acc": 0.8432756794917049, "best_val_acc": 0.8554280670785526, "best_epoch": 100, "test_acc": 84.52347334980585, "val_acc": 84.76434245366285, "test_acc_std": 0.8676645865296255, "_wandb": {"runtime": 39}}