{"fold0_tmp_test_acc":0.9087539710554183,"_timestamp":1.7457255944682364e+09,"_step":317,"test_acc_std":0.6958796851509395,"_wandb":{"runtime":205},"best_epoch":152,"best_val_acc":0.898676081200353,"_runtime":205.888304923,"test_acc":90.1217790328274,"fold0_val_acc":0.9057369814651368,"fold0_train_loss":0.05129389837384224,"fold0_val_loss":0.42657050490379333,"fold0_tmp_test_loss":0.41955479979515076,"val_acc":90.04413062665489,"fold0_train_acc":0.9875562615832671,"best_test_acc":0.8979879985880692}