{"fold0_train_acc":0.4407969949371223,"_wandb":{"runtime":130},"_runtime":130.582733126,"_step":190,"fold0_tmp_test_loss":1.3188499212265015,"fold0_val_acc":0.41842234198922096,"_timestamp":1.7470566310303981e+09,"fold0_tmp_test_acc":0.4233219010289074,"fold0_train_loss":1.291051983833313,"fold0_val_loss":1.3236175775527954}