{"fold0_train_acc": 0.9649633748124614, "fold0_train_loss": 0.11671577394008636, "fold0_val_acc": 0.8402471315092674, "fold0_val_loss": 0.6845375299453735, "fold0_tmp_test_acc": 0.8466290151782563, "fold0_tmp_test_loss": 0.6806793808937073, "_timestamp": 1745748662.9405923, "_runtime": 173.85465836524963, "_step": 423, "best_test_acc": 0.7991528415107659, "best_val_acc": 0.8116504854368932, "best_epoch": 166, "test_acc": 83.69219908224498, "val_acc": 83.68402471315093, "test_acc_std": 2.1236537812092275, "_wandb": {"runtime": 173}}