{"_wandb":{"runtime":126},"_runtime":126.848003523,"fold0_tmp_test_acc":0.506124448799608,"_step":506,"fold0_train_loss":0.3527402877807617,"fold0_tmp_test_loss":1.677476167678833,"fold0_val_loss":1.7273333072662354,"fold0_train_acc":0.8731830801894496,"_timestamp":1.7473728733286612e+09,"fold0_val_acc":0.4956720561816103}