{"fold0_train_acc": 0.9953225664107316, "fold0_train_loss": 0.02197761833667755, "fold0_val_acc": 0.9032656663724625, "fold0_val_loss": 0.4994140565395355, "fold0_tmp_test_acc": 0.9059301094246381, "fold0_tmp_test_loss": 0.48067671060562134, "_timestamp": 1745746235.1705956, "_runtime": 269.0637996196747, "_step": 320, "best_test_acc": 0.8976350158842217, "best_val_acc": 0.9007943512797881, "best_epoch": 125, "test_acc": 89.83056830215318, "val_acc": 89.8693733451015, "test_acc_std": 0.5811793491550605, "_wandb": {"runtime": 268}}