{"fold0_train_loss":0.15519459545612335,"test_acc_std":0.7770611782967216,"_timestamp":1.7457089746267233e+09,"val_acc":85.93645189761695,"fold0_train_acc":0.9534904244991615,"best_epoch":461,"test_acc":85.67066713731029,"fold0_tmp_test_acc":0.8551006000705965,"_wandb":{"runtime":320},"_runtime":320.115374683,"fold0_tmp_test_loss":0.510940670967102,"fold0_val_acc":0.8566637246248897,"best_test_acc":0.860571831980233,"fold0_val_loss":0.5479940176010132,"best_val_acc":0.8637246248896734,"_step":327}