{"_step":747,"_wandb":{"runtime":170},"fold0_tmp_test_acc":0.4986117916054222,"best_test_acc":0.5067777233382329,"fold0_val_acc":0.49795851706679733,"fold0_val_loss":2.2496135234832764,"_timestamp":1.745939901413918e+09,"fold0_train_loss":0.15595266222953796,"_runtime":144.375598696,"fold0_train_acc":0.953535848440307,"best_epoch":647,"fold0_tmp_test_loss":2.147212028503418,"best_val_acc":0.5116772823779193}