{"best_epoch":65,"best_test_acc":0.8370221327967807,"fold0_val_acc":0.8454773869346733,"val_acc":87.17336683417084,"_runtime":110.980502748,"fold0_val_loss":1.0478204488754272,"_wandb":{"runtime":110},"fold0_train_acc":0.9949664429530202,"fold0_tmp_test_acc":0.8370221327967807,"fold0_train_loss":0.015891190618276596,"_step":298,"test_acc":85.89537223340041,"_timestamp":1.7471961935071642e+09,"best_val_acc":0.8630653266331658,"fold0_tmp_test_loss":1.099951148033142,"test_acc_std":1.195279415716629}