{"_wandb":{"runtime":80},"best_epoch":357,"fold0_tmp_test_loss":1.6633586883544922,"_timestamp":1.7457017730676098e+09,"best_test_acc":0.5069410419728891,"_runtime":76.63301616,"fold0_tmp_test_acc":0.5108606892046382,"_step":457,"fold0_train_acc":0.8646905111873264,"fold0_val_acc":0.5071043606075453,"fold0_train_loss":0.3921809792518616,"fold0_val_loss":1.6574656963348389,"best_val_acc":0.5124938755512004}