{"_timestamp":1.747198909129274e+09,"_runtime":281.554923459,"_step":158,"_wandb":{"runtime":281},"fold0_train_loss":0.06732519812881947,"fold0_test_loss":0.7660902550816536}