{"fold0_train_acc":0.9698173153296267,"fold0_val_loss":0.4991406500339508,"_timestamp":1.7457080217843847e+09,"fold0_train_loss":0.10991406440734863,"best_test_acc":0.8662195552417932,"fold0_val_acc":0.871315092674316,"_step":350,"fold0_tmp_test_loss":0.5076042413711548,"_runtime":23.803914698,"best_val_acc":0.8707855251544572,"fold0_tmp_test_acc":0.8665725379456407,"best_epoch":250,"_wandb":{"runtime":31}}