{"best_test_acc":0.8538651606071302,"test_acc_std":0.8686190027936259,"fold0_train_acc":0.9766128320536581,"fold0_tmp_test_loss":0.506951630115509,"_runtime":246.982481158,"_step":402,"val_acc":86.1341571050309,"fold0_val_loss":0.4823550879955292,"_timestamp":1.7457065629889646e+09,"test_acc":85.8930462407342,"fold0_train_loss":0.0895141214132309,"best_val_acc":0.8644307149161518,"best_epoch":304,"_wandb":{"runtime":246},"fold0_val_acc":0.8750220653133275,"fold0_tmp_test_acc":0.8723967525591246}