{"fold0_train_acc": 0.960109434295296, "fold0_train_loss": 0.13673405349254608, "fold0_val_acc": 0.8271844660194175, "fold0_val_loss": 0.6672490239143372, "fold0_tmp_test_acc": 0.8326861983762796, "fold0_tmp_test_loss": 0.6504048109054565, "_timestamp": 1745746366.4694736, "_runtime": 116.21264863014221, "_step": 415, "best_test_acc": 0.8026826685492411, "best_val_acc": 0.8075904677846425, "best_epoch": 131, "test_acc": 82.31733145075891, "val_acc": 82.52603706972639, "test_acc_std": 0.9321166479991952, "_wandb": {"runtime": 115}}