{"fold0_train_loss":0.11241060137748718,"fold0_test_loss":0.7078314357995987,"_timestamp":1.7470830308101704e+09,"_runtime":277.7994715,"_step":282,"_wandb":{"runtime":277}}