{"fold0_train_loss":0.0015953390777212917,"best_train_loss":0.0002573722606939555,"_wandb":{"runtime":259},"_runtime":248.788393679,"best_test_loss":0.0031536883091757774,"best_epoch":422,"_step":500,"fold0_test_loss":0.009710404668585398,"_timestamp":1.7470606525264294e+09}