{"_wandb":{"runtime":399},"fold0_val_acc":0.9106796116504854,"fold0_train_loss":0.0918603166937828,"fold0_tmp_test_loss":0.410927414894104,"val_acc":91.00970873786409,"fold0_train_acc":0.9744064954549466,"best_val_acc":0.9066195939982348,"fold0_val_loss":0.39229196310043335,"_runtime":399.10675423,"best_epoch":429,"test_acc":91.04659371690786,"_timestamp":1.7458070340206895e+09,"best_test_acc":0.9073420402400283,"_step":611,"test_acc_std":0.5962717945250796,"fold0_tmp_test_acc":0.9087539710554183}