{"fold0_tmp_test_loss":0.44182097911834717,"_step":267,"fold0_val_loss":0.4484125077724457,"best_test_acc":0.8990469466996117,"_timestamp":1.7457285503425512e+09,"_runtime":41.501437966,"best_epoch":178,"best_val_acc":0.8960282436010591,"fold0_val_acc":0.8988526037069726,"_wandb":{"runtime":47},"fold0_train_acc":0.9836731091695349,"fold0_train_loss":0.06013307347893715,"fold0_tmp_test_acc":0.8949876456053654}