{"best_epoch":625,"best_val_acc":0.9180935569285084,"fold0_val_acc":0.9129744042365402,"_runtime":498.448003111,"_timestamp":1.7458155626041064e+09,"fold0_tmp_test_acc":0.9099894105188846,"best_test_acc":0.9225202965054712,"test_acc_std":0.9380311964107917,"_wandb":{"runtime":498},"val_acc":91.46337157987642,"test_acc":91.59901164842923,"fold0_val_loss":0.35823243856430054,"fold0_tmp_test_loss":0.3640860617160797,"fold0_train_loss":0.06469079852104187,"_step":449,"fold0_train_acc":0.9815550260347718}