{"fold0_test_loss":0.6728865376859904,"_timestamp":1.747190074974407e+09,"_runtime":48.739354264,"_step":51,"fold0_train_loss":0.30608759813010694,"_wandb":{"runtime":48}}