{"fold0_val_loss":0.12769001722335815,"fold0_tmp_test_acc":0.9897279999999999,"best_epoch":1882,"fold0_train_loss":0.003411464625969529,"fold0_train_acc":1,"_runtime":279.318609809,"_step":1999,"best_val_acc":0.989283,"_wandb":{"runtime":286},"fold0_tmp_test_loss":0.11591735482215881,"_timestamp":1.7466556116727817e+09,"best_test_acc":0.9882839999999999,"fold0_val_acc":0.9883869999999999}