{"train_loss":0.0023170428981848087,"_step":509,"best_test_loss":0.06440716496435925,"best_epoch":356,"test_loss":0.044247682341479966,"_runtime":8020.748167965,"_wandb":{"runtime":8020},"best_train_loss":0.004320056125870906,"test_loss_std":0.0798670175252393,"fold0_train_loss":0.003021866223425604,"fold0_test_loss":0.0047320138473878615,"_timestamp":1.7470297727615724e+09}