{"fold0_train_acc": 0.9981466772570824, "fold0_train_loss": 0.010353279300034046, "fold0_val_acc": 0.8967343336275375, "fold0_val_loss": 0.6767082214355469, "fold0_tmp_test_acc": 0.8932227320861278, "fold0_tmp_test_loss": 0.664380669593811, "_timestamp": 1745742395.3373613, "_runtime": 117.11072325706482, "_step": 279, "best_test_acc": 0.8785739498764561, "best_val_acc": 0.8824360105913504, "best_epoch": 80, "test_acc": 88.00917755030004, "val_acc": 87.98234774933803, "test_acc_std": 0.5397981578880824, "_wandb": {"runtime": 116}}