{"_runtime":11.163781059,"best_epoch":32,"_timestamp":1.7457220505492065e+09,"fold0_train_acc":1,"fold0_train_loss":6.023779133101925e-05,"fold0_val_loss":1.8498411178588867,"fold0_tmp_test_loss":1.8868330717086792,"fold0_val_acc":0.8120035304501324,"_wandb":{"runtime":14},"best_test_acc":0.8062124955877162,"_step":132,"best_val_acc":0.8090026478375993,"fold0_tmp_test_acc":0.816448993999294}