{"fold0_test_loss":0.6820472556352616,"best_test_loss":0.7364287853240967,"best_epoch":489,"fold0_train_loss":0.046640246249735354,"best_train_loss":0.027435232121497392,"_runtime":127.307761851,"_wandb":{"runtime":172},"_timestamp":1.747089652952448e+09,"_step":500}