{"fold0_test_loss":8.173942775726319,"best_epoch":460,"_wandb":{"runtime":48},"_timestamp":1.7470893350511217e+09,"_runtime":45.817221399,"_step":499,"best_test_loss":8.173942728042602,"best_train_loss":8.135008268356323,"fold0_train_loss":8.135008287429809}