{"_runtime":28.785653128,"fold0_val_loss":0.43978703022003174,"fold0_val_acc":0.887378640776699,"_timestamp":1.7457664579410877e+09,"best_test_acc":0.88439816448994,"fold0_train_acc":0.974671255846792,"best_epoch":269,"fold0_tmp_test_loss":0.4299812912940979,"_step":369,"fold0_tmp_test_acc":0.8873985174726439,"fold0_train_loss":0.08935733884572983,"best_val_acc":0.889143865842895,"_wandb":{"runtime":45}}