{"_wandb":{"runtime":113},"fold0_train_acc":0.6425771680548751,"fold0_val_acc":0.48113669769720724,"best_test_acc":0.4705209864445533,"fold0_val_loss":1.3615673780441284,"best_epoch":302,"_timestamp":1.7456900641026013e+09,"_runtime":79.465503021,"best_val_acc":0.48603625673689366,"fold0_train_loss":0.849922239780426,"fold0_tmp_test_loss":1.3675185441970825,"fold0_tmp_test_acc":0.47640045729217706,"_step":402}