{"_step":594,"fold0_val_loss":1.8368984460830688,"fold0_val_acc":0.4976318797974849,"fold0_train_acc":0.9102564102564102,"_runtime":97.057826762,"best_test_acc":0.5133104687244815,"fold0_tmp_test_loss":1.8004595041275024,"fold0_train_loss":0.2887618839740753,"_wandb":{"runtime":100},"fold0_tmp_test_acc":0.515270292340356,"best_val_acc":0.507594316511514,"_timestamp":1.7456972934246879e+09,"best_epoch":494}