{"_timestamp":1.745615986848625e+09,"fold0_val_acc":0.4804834231585824,"best_epoch":515,"fold0_tmp_test_acc":0.48668953127551856,"_step":570,"fold0_val_loss":1.6885472536087036,"_wandb":{"runtime":222},"fold0_train_acc":0.8607708639555773,"best_val_acc":0.49011922260329904,"fold0_tmp_test_loss":1.7062034606933594,"test_acc_std":0.7793995776322011,"best_test_acc":0.4886493548913931,"fold0_train_loss":0.42361146211624146,"test_acc":48.51380042462844,"val_acc":48.82900538951495,"_runtime":222.258449434}