{"_step":511,"_timestamp":1.745812274976576e+09,"fold0_val_loss":0.34347811341285706,"best_epoch":411,"fold0_train_acc":0.973523960815462,"fold0_tmp_test_acc":0.9124602894458171,"fold0_tmp_test_loss":0.3356093466281891,"best_test_acc":0.9096364278150371,"_runtime":39.124251285,"_wandb":{"runtime":54},"fold0_train_loss":0.09848634153604507,"fold0_val_acc":0.9127978817299206,"best_val_acc":0.913503971756399}