{"fold0_train_acc": 0.9902921189656694, "fold0_train_loss": 0.03988312929868698, "fold0_val_acc": 0.8861429832303619, "fold0_val_loss": 0.5260599851608276, "fold0_tmp_test_acc": 0.8918108012707378, "fold0_tmp_test_loss": 0.512268602848053, "_timestamp": 1745745194.8803434, "_runtime": 123.51940846443176, "_step": 315, "best_test_acc": 0.8845746558418638, "best_val_acc": 0.8880847308031774, "best_epoch": 132, "test_acc": 88.1115425344158, "val_acc": 87.93468667255075, "test_acc_std": 0.7947286229979947, "_wandb": {"runtime": 123}}