{"fold0_train_loss":0.002512320150854066,"fold0_test_loss":0.050712004378437994,"_timestamp":1.747087169231158e+09,"_runtime":52.574982226,"_step":406,"_wandb":{"runtime":52}}