{"fold0_train_acc":0.9871794871794872,"best_val_acc":0.5165768414176057,"fold0_tmp_test_acc":0.5283357831128532,"test_acc":50.824759105013875,"_step":1034,"fold0_tmp_test_loss":2.6777305603027344,"test_acc_std":0.6098589863925317,"best_test_acc":0.5102074146660134,"val_acc":51.48783276171811,"_timestamp":1.7456927146200118e+09,"fold0_val_acc":0.5131471500898253,"fold0_val_loss":2.6993567943573,"_runtime":1051.662685495,"_wandb":{"runtime":1051},"best_epoch":633,"fold0_train_loss":0.06119874492287636}