{"fold0_train_acc": 0.7591562968846527, "fold0_train_loss": 0.660099446773529, "fold0_val_acc": 0.649602824360106, "fold0_val_loss": 1.219056248664856, "fold0_tmp_test_acc": 0.6494881750794211, "fold0_tmp_test_loss": 1.2024978399276733, "_timestamp": 1745734496.4191058, "_runtime": 41.18529486656189, "_step": 306, "best_test_acc": 0.8115072361454289, "best_val_acc": 0.8128861429832304, "best_epoch": 263, "test_acc": 70.09707024355806, "val_acc": 69.87466902030009, "test_acc_std": 7.297404342646289, "_wandb": {"runtime": 40}}