{"fold0_train_acc": 0.39369870267407997, "fold0_train_loss": 2.451002836227417, "fold0_val_acc": 0.38940864960282434, "fold0_val_loss": 2.4543967247009277, "fold0_tmp_test_acc": 0.39092834451111896, "fold0_tmp_test_loss": 2.4562597274780273, "_timestamp": 1745758829.510082, "_runtime": 673.9634249210358, "_step": 839, "best_test_acc": 0.1418990469466996, "best_val_acc": 0.14210061782877317, "best_epoch": 352, "test_acc": 26.115425344158133, "val_acc": 26.098852603706973, "test_acc_std": 11.679922582714683, "_wandb": {"runtime": 673}}