{"_wandb":{"runtime":131},"_timestamp":1.7458748248788867e+09,"fold0_tmp_test_acc":0.9121073067419696,"fold0_train_loss":0.016887038946151733,"fold0_train_acc":0.9973523960815462,"_runtime":131.570644823,"_step":1918,"fold0_val_acc":0.9119152691968226,"fold0_tmp_test_loss":0.46150389313697815,"fold0_val_loss":0.46056845784187317}