{"_runtime":328.603720699,"fold0_tmp_test_loss":2.2421247959136963,"fold0_val_loss":2.276331663131714,"_wandb":{"runtime":328},"fold0_train_acc":0.9858729381022374,"fold0_train_loss":0.0747646689414978,"_step":1194,"fold0_tmp_test_acc":0.516740160052262,"_timestamp":1.7460349523694994e+09,"fold0_val_acc":0.5043279438183896}