{"best_test_acc":0.5128205128205128,"fold0_train_loss":0.29368963837623596,"_timestamp":1.7456995966053956e+09,"_wandb":{"runtime":97},"_runtime":91.842381315,"fold0_train_acc":0.8972725788012412,"_step":560,"best_epoch":460,"fold0_tmp_test_loss":1.8540290594100952,"fold0_tmp_test_acc":0.5139637432631063,"fold0_val_acc":0.5134737873591376,"fold0_val_loss":1.8495469093322754,"best_val_acc":0.5157602482443246}