{"fold0_val_loss":2.666917562484741,"fold0_train_loss":0.23358222842216492,"_step":410,"best_test_acc":0.43034460231912464,"_runtime":25.51732483,"fold0_val_acc":0.425281724644782,"fold0_tmp_test_acc":0.4372039849746856,"_wandb":{"runtime":28},"_timestamp":1.7458468820544026e+09,"best_epoch":243,"fold0_train_acc":0.934509227502858,"fold0_tmp_test_loss":2.6930489540100098,"best_val_acc":0.43442756818552997}