{"best_val_acc":0.41597256246937775,"fold0_train_acc":0.5256410256410257,"fold0_train_loss":1.1225935220718384,"fold0_val_loss":1.414406180381775,"fold0_tmp_test_loss":1.4096699953079224,"_timestamp":1.74587338978158e+09,"_wandb":{"runtime":109},"_runtime":70.790581072,"best_test_acc":0.41058304752572267,"_step":426,"best_epoch":326,"fold0_val_acc":0.41221623387228484,"fold0_tmp_test_acc":0.4189122978931896}