{"fold0_test_loss":0.4209297305345535,"_timestamp":1.7470719687473834e+09,"_runtime":60.616262528,"_step":318,"_wandb":{"runtime":60},"fold0_train_loss":0.4133921179175377}