{"fold0_train_acc":0.8646905111873264,"_runtime":98.812811211,"best_test_acc":0.49828515433610976,"_step":592,"fold0_val_loss":2.0756049156188965,"best_val_acc":0.5059611301649518,"fold0_val_acc":0.49599869345092273,"fold0_tmp_test_acc":0.5010615711252654,"fold0_tmp_test_loss":2.0659854412078857,"_timestamp":1.7457015720505557e+09,"best_epoch":492,"fold0_train_loss":0.35076093673706055,"_wandb":{"runtime":104}}