{"_wandb":{"runtime":179},"fold0_tmp_test_acc":0.4324677445696554,"fold0_val_loss":1.6314303874969482,"best_epoch":164,"fold0_tmp_test_loss":1.6419130563735962,"_runtime":170.530389756,"fold0_train_loss":0.6700379848480225,"fold0_val_acc":0.4202188469704393,"fold0_train_acc":0.7497958517066797,"_timestamp":1.745937877818847e+09,"_step":416,"best_val_acc":0.4427568185529969,"best_test_acc":0.42038216560509556}