{"_runtime":106.694624983,"_wandb":{"runtime":106},"_step":0,"fold0_train_loss":4.079155665922165,"fold0_test_loss":0,"_timestamp":1.7472919578397162e+09}