{"best_epoch":575,"best_test_acc":0.5111873264739507,"fold0_tmp_test_loss":1.7543221712112427,"best_val_acc":0.515270292340356,"fold0_val_acc":0.503837987914421,"_wandb":{"runtime":284},"fold0_train_acc":0.9148293320267843,"fold0_tmp_test_acc":0.5105340519353259,"fold0_train_loss":0.27987396717071533,"_runtime":172.114245735,"_step":675,"fold0_val_loss":1.7695932388305664,"_timestamp":1.745941852153688e+09}