{"_wandb":{"runtime":128},"fold0_train_loss":0.24748057572171092,"fold0_test_loss":0.34258898727595805,"_timestamp":1.7471862134340622e+09,"_runtime":128.799886401,"_step":81}