{"_timestamp":1.7471849582939727e+09,"_runtime":568.570138894,"_step":337,"_wandb":{"runtime":568},"fold0_train_loss":0.020654979946557434,"fold0_test_loss":0.40141654293984175}