{"fold0_train_acc": 0.9976171564733916, "fold0_train_loss": 0.013988526538014412, "fold0_val_acc": 0.8617828773168579, "fold0_val_loss": 0.8849483728408813, "fold0_tmp_test_acc": 0.8633956936110131, "fold0_tmp_test_loss": 0.8218954205513, "_timestamp": 1745748476.4919388, "_runtime": 60.05612277984619, "_step": 277, "best_test_acc": 0.8355100600070596, "best_val_acc": 0.8441306266548985, "best_epoch": 89, "test_acc": 75.49594069890576, "val_acc": 75.34333627537511, "test_acc_std": 8.475320537698167, "_wandb": {"runtime": 59}}