{"best_epoch":350,"_timestamp":1.745815046676959e+09,"best_test_acc":0.9142252029650547,"_step":379,"fold0_train_acc":0.9796134498279058,"fold0_train_loss":0.07029677927494049,"_runtime":62.137304027,"fold0_val_acc":0.9120917917034422,"best_val_acc":0.9145631067961165,"fold0_tmp_test_acc":0.9092834451111895,"fold0_tmp_test_loss":0.390075147151947,"_wandb":{"runtime":64},"fold0_val_loss":0.3781466782093048}