{"_wandb":{"runtime":86},"fold0_train_loss":0.09058798428624869,"fold0_test_loss":0.9935652352869511,"_timestamp":1.7471970976393788e+09,"_runtime":86.653405159,"_step":346}