{"fold0_val_loss":0.1147833839058876,"best_epoch":1479,"test_acc":78.92946117490054,"fold0_val_acc":0.7763254420449232,"fold0_tmp_test_acc":0.7736880323428975,"test_acc_std":1.2190549963754767,"_step":1503,"fold0_tmp_test_loss":0.11767945438623428,"best_val_acc":0.7671776665569853,"val_acc":78.91435845037493,"_wandb":{"runtime":5969},"_timestamp":1.7468703313221936e+09,"_runtime":5969.914535369,"best_test_acc":0.7701721737484097,"fold0_train_loss":0.0964558869600296,"fold0_train_acc":0.8894446657314884}