{"fold0_train_loss":NaN,"_wandb":{"runtime":166},"fold0_test_loss":NaN,"_timestamp":1.7472898447668715e+09,"_runtime":166.798790858,"_step":101}