{"best_val_acc":0.8977934686672551,"best_epoch":213,"_wandb":{"runtime":208},"fold0_train_acc":0.9647868678845645,"_step":435,"fold0_train_loss":0.12185987830162048,"_runtime":203.495243503,"best_test_acc":0.8859865866572538,"_timestamp":1.7458121454495554e+09,"fold0_val_acc":0.905207413945278,"fold0_tmp_test_loss":0.3793582618236542,"fold0_val_loss":0.3682609498500824,"fold0_tmp_test_acc":0.901694316978468}