{"fold0_train_acc": 0.95587326802577, "fold0_train_loss": 0.135818749666214, "fold0_val_acc": 0.8540158870255957, "fold0_val_loss": 0.6209591031074524, "fold0_tmp_test_acc": 0.8543946346629016, "fold0_tmp_test_loss": 0.5933961868286133, "_timestamp": 1745737945.4757318, "_runtime": 130.2356767654419, "_step": 525, "best_test_acc": 0.6424285210024708, "best_val_acc": 0.646954986760812, "best_epoch": 73, "test_acc": 72.57853865160608, "val_acc": 72.37775816416593, "test_acc_std": 8.845260066982776, "_wandb": {"runtime": 129}}