{"_step":333,"fold0_train_acc":0.9877327685111641,"best_test_acc":0.9036357218496294,"best_epoch":220,"_runtime":222.989287402,"fold0_tmp_test_acc":0.9078715142957995,"fold0_train_loss":0.047973114997148514,"fold0_val_acc":0.9050308914386584,"_timestamp":1.7457270432334507e+09,"best_val_acc":0.9071491615180935,"test_acc_std":0.516670708376438,"val_acc":90.24007060900266,"fold0_val_loss":0.43167561292648315,"fold0_tmp_test_loss":0.42838019132614136,"_wandb":{"runtime":222},"test_acc":90.34592304977058}