{"fold0_train_loss":0.26327359676361084,"_runtime":103.894693,"best_epoch":525,"fold0_val_acc":0.5111873264739507,"_timestamp":1.745700716403012e+09,"best_val_acc":0.5149436550710436,"_step":625,"fold0_train_acc":0.9160542217867058,"_wandb":{"runtime":119},"fold0_val_loss":1.8805078268051147,"fold0_tmp_test_acc":0.5159235668789809,"fold0_tmp_test_loss":1.8653202056884766,"best_test_acc":0.5165768414176057}