{"_timestamp":1.745808149380401e+09,"fold0_tmp_test_acc":0.9092834451111895,"_runtime":365.164882996,"fold0_train_acc":0.9766128320536581,"fold0_val_loss":0.3526837229728699,"best_test_acc":0.9135192375573596,"val_acc":91.12444836716682,"test_acc_std":0.41339685060239806,"fold0_train_loss":0.08759462833404541,"fold0_val_acc":0.9094439541041482,"fold0_tmp_test_loss":0.3585142195224762,"_wandb":{"runtime":365},"_step":472,"best_epoch":381,"best_val_acc":0.909973521624007,"test_acc":91.30956583127428}