{"_wandb":{"runtime":91},"fold0_train_loss":0.10075334459543228,"best_test_acc":0.8178609248146841,"_step":482,"fold0_tmp_test_loss":0.5049565434455872,"best_val_acc":0.8204766107678729,"fold0_val_loss":0.4804335832595825,"fold0_val_acc":0.8755516328331863,"_timestamp":1.745703604953242e+09,"_runtime":85.335285399,"fold0_train_acc":0.9732592004236166,"best_epoch":111,"fold0_tmp_test_acc":0.8750441228379809}