{"_wandb":{"runtime":8},"_timestamp":1.7472944819476602e+09,"_runtime":8.842346372,"_step":3,"fold0_train_loss":0.44978076592087746,"fold0_test_loss":0.5144523213803768}