{"fold0_train_loss":0.1633097529411316,"_runtime":772.073789237,"_wandb":{"runtime":772},"fold0_tmp_test_acc":0.4680712069247101,"test_acc":46.560509554140125,"_timestamp":1.7458483426085908e+09,"fold0_train_acc":0.9648048342315858,"best_epoch":180,"val_acc":47.228482769884046,"fold0_val_loss":2.378776788711548,"fold0_tmp_test_loss":2.4304826259613037,"fold0_val_acc":0.4693777560019598,"test_acc_std":1.5531327379647253,"_step":701,"best_val_acc":0.44308345582230935,"best_test_acc":0.44683978441940225}