{"fold0_train_acc": 0.9516371017562439, "fold0_train_loss": 0.16145946085453033, "fold0_val_acc": 0.8390114739629303, "fold0_val_loss": 0.658381998538971, "fold0_tmp_test_acc": 0.837451464878221, "fold0_tmp_test_loss": 0.6468119025230408, "_timestamp": 1745752407.3101542, "_runtime": 47.54535222053528, "_step": 381, "best_test_acc": 0.8252735615954818, "best_val_acc": 0.8303618711385702, "best_epoch": 127, "test_acc": 82.7867984468761, "val_acc": 82.73080317740511, "test_acc_std": 0.5779680845916026, "_wandb": {"runtime": 47}}