{"best_val_acc":0.900441306266549,"best_test_acc":0.8971055418284504,"val_acc":90.2135922330097,"_step":303,"test_acc":90.18355100600071,"_runtime":222.957693614,"_wandb":{"runtime":222},"best_epoch":136,"fold0_train_loss":0.050781361758708954,"test_acc_std":0.5664685083441083,"fold0_val_acc":0.9080317740511915,"fold0_val_loss":0.43632131814956665,"fold0_tmp_test_acc":0.9036357218496294,"_timestamp":1.7457232121381803e+09,"fold0_train_acc":0.9849969111287618,"fold0_tmp_test_loss":0.44007912278175354}