{"fold0_train_loss":0.04846891015768051,"_runtime":234.046314599,"fold0_train_acc":0.9858794457682464,"fold0_tmp_test_acc":0.9052241440169432,"fold0_tmp_test_loss":0.4340228736400604,"fold0_val_acc":0.9046778464254193,"best_epoch":217,"best_val_acc":0.9055604589585172,"test_acc_std":0.5077585953624428,"_step":375,"val_acc":90.24183583406884,"test_acc":90.41475467702084,"_timestamp":1.7457679510394018e+09,"_wandb":{"runtime":234},"fold0_val_loss":0.4601484537124634,"best_test_acc":0.9039887045534769}