{"fold0_train_acc": 0.7088518224340306, "fold0_train_loss": 0.9251051545143127, "fold0_val_acc": 0.6928508384819064, "fold0_val_loss": 0.9912457466125488, "fold0_tmp_test_acc": 0.7003176844334628, "fold0_tmp_test_loss": 0.9811949729919434, "_timestamp": 1745759783.4449515, "_runtime": 939.8374705314636, "_step": 306, "best_test_acc": 0.7479703494528768, "best_val_acc": 0.7583406884377758, "best_epoch": 298, "test_acc": 76.23367454994707, "val_acc": 76.04413062665489, "test_acc_std": 0.914531796761581, "_wandb": {"runtime": 939}}