{"fold0_train_acc":0.9775836201570912,"_step":400,"_timestamp":1.7458088023956618e+09,"fold0_val_loss":0.33539241552352905,"_runtime":357.180796327,"test_acc":90.89304624073421,"fold0_val_acc":0.9143865842894969,"_wandb":{"runtime":357},"best_epoch":323,"fold0_tmp_test_acc":0.916872573243911,"best_test_acc":0.898164489939993,"fold0_train_loss":0.08029700070619583,"val_acc":90.75551632833185,"fold0_tmp_test_loss":0.35402151942253113,"test_acc_std":0.5364872627451681,"best_val_acc":0.898676081200353}