{"_wandb":{"runtime":240},"_runtime":240.682050735,"fold0_train_acc":0.9767010855176066,"best_val_acc":0.8480141218005296,"fold0_tmp_test_acc":0.8718672785033533,"fold0_val_acc":0.8810238305383936,"test_acc":85.73243911048358,"best_test_acc":0.8482174373455701,"fold0_val_loss":0.5013973116874695,"val_acc":85.83230361871138,"best_epoch":199,"fold0_tmp_test_loss":0.5143416523933411,"_step":459,"_timestamp":1.7457077114358456e+09,"test_acc_std":0.8243185365292063,"fold0_train_loss":0.08446823060512543}