{"fold0_tmp_test_acc":0.9057536180727145,"best_test_acc":0.9048711613130956,"_step":311,"test_acc":90.55947758559832,"test_acc_std":0.4903443066549053,"best_val_acc":0.9048543689320389,"val_acc":90.40247131509267,"fold0_val_acc":0.9089143865842895,"fold0_train_loss":0.05104604363441467,"fold0_tmp_test_loss":0.44220852851867676,"_wandb":{"runtime":240},"_runtime":240.676822226,"fold0_val_loss":0.43062612414360046,"_timestamp":1.7457183936466455e+09,"fold0_train_acc":0.9859676992321948,"best_epoch":145}