{"_timestamp":1.7460370021205912e+09,"best_epoch":162,"fold0_val_acc":0.38542345681150386,"fold0_val_loss":0.34867674112319946,"_runtime":201.890926245,"_wandb":{"runtime":253},"best_test_acc":0.370741891763967,"fold0_tmp_test_loss":0.3527819514274597,"fold0_train_loss":0.35284745693206787,"best_val_acc":0.38576635551784055,"fold0_train_acc":0.3719718696061283,"fold0_tmp_test_acc":0.3728415941483553,"_step":262}