{"fold0_val_acc":0.7359223300970874,"fold0_tmp_test_acc":0.7366749029297565,"fold0_train_acc":0.7873091518842115,"fold0_train_loss":0.5933486223220825,"_step":1239,"fold0_val_loss":0.7839267253875732,"_runtime":102.304149801,"best_val_acc":0.740864960282436,"fold0_tmp_test_loss":0.7834998369216919,"_timestamp":1.745808962647843e+09,"best_epoch":1139,"best_test_acc":0.737733851041299,"_wandb":{"runtime":219}}