{"fold0_train_acc": 0.9988527049686701, "fold0_train_loss": 0.006078414153307676, "fold0_val_acc": 0.9105030891438658, "fold0_val_loss": 0.5231783390045166, "fold0_tmp_test_acc": 0.900282386163078, "fold0_tmp_test_loss": 0.547160267829895, "_timestamp": 1745744879.5330195, "_runtime": 269.0783805847168, "_step": 272, "best_test_acc": 0.8775150017649135, "best_val_acc": 0.8806707855251544, "best_epoch": 56, "test_acc": 88.58630427109074, "val_acc": 88.432480141218, "test_acc_std": 0.6562559842341298, "_wandb": {"runtime": 268}}