{"fold0_train_loss":0.01668993818573654,"fold0_test_loss":0.35114391416311264,"_timestamp":1.747299934036277e+09,"_runtime":51.55451769,"_wandb":{"runtime":51},"_step":391}