{"_wandb":{"runtime":34},"fold0_train_loss":1.0204027177393435,"fold0_test_loss":0.9248188036680222,"_timestamp":1.7471833382679718e+09,"_runtime":34.753826892,"_step":52}