{"fold0_tmp_test_loss":0.2292296588420868,"_wandb":{"runtime":8},"_runtime":8.836542638,"fold0_tmp_test_acc":0.45477939733415834,"fold0_val_loss":0.2250753790140152,"_timestamp":1.745923735288505e+09,"fold0_val_acc":0.46120130001327725,"fold0_train_acc":0.4539436237581468,"fold0_train_loss":0.2254839688539505,"_step":17}