{"best_val_acc":0.9103265666372462,"_wandb":{"runtime":295},"fold0_tmp_test_acc":0.9069890575361808,"_timestamp":1.7457261742333841e+09,"fold0_tmp_test_loss":0.5040554404258728,"val_acc":90.11827007943512,"_step":433,"fold0_val_acc":0.9115622241835835,"_runtime":295.170619303,"test_acc":90.23120367102011,"best_epoch":235,"test_acc_std":0.5969609633426467,"best_test_acc":0.9126367807977409,"fold0_val_loss":0.4729079306125641,"fold0_train_loss":0.032946206629276276,"fold0_train_acc":0.9910864001412055}