{"_step":228,"fold0_val_loss":0.47353890538215637,"fold0_tmp_test_acc":0.9092834451111895,"test_acc_std":0.871667184374313,"fold0_val_acc":0.9101500441306266,"best_epoch":111,"best_val_acc":0.9032656663724625,"best_test_acc":0.8971055418284504,"_runtime":194.006546589,"_wandb":{"runtime":194},"fold0_tmp_test_loss":0.4608064293861389,"test_acc":89.6470172961525,"fold0_train_loss":0.018442343920469284,"_timestamp":1.7457209474624605e+09,"fold0_train_acc":0.99541081987468,"val_acc":89.60812003530447}