{"fold0_train_acc": 0.5377266046055855, "fold0_train_loss": 1.0697687864303589, "fold0_val_acc": 0.45173934345908867, "fold0_val_loss": 1.319697380065918, "fold0_tmp_test_acc": 0.45794545157602484, "fold0_tmp_test_loss": 1.3201464414596558, "_timestamp": 1745970292.5604236, "_runtime": 2021.7807786464691, "_step": 1125, "best_test_acc": 0.4519026620937449, "best_val_acc": 0.45271925526702594, "best_epoch": 804, "test_acc": 45.86477217050465, "val_acc": 45.972562469377756, "test_acc_std": 0.7911114878173638, "_wandb": {"runtime": 2021}}