{"best_epoch":328,"_runtime":679.449457224,"fold0_tmp_test_acc":0.976658,"test_acc_std":0.5311089846726423,"best_test_acc":0.9631390000000002,"val_acc":96.70855999999999,"fold0_val_acc":0.968121,"test_acc":96.73472000000001,"fold0_train_acc":0.9890522500000001,"best_val_acc":0.959527,"_timestamp":1.745895113823723e+09,"fold0_train_loss":0.11950242519378662,"fold0_val_loss":0.17741475999355316,"_step":1089,"_wandb":{"runtime":679},"fold0_tmp_test_loss":0.15961194038391113}