{"_timestamp":1.7458468459188395e+09,"fold0_val_loss":2.371389389038086,"_runtime":36.081225987,"best_epoch":468,"best_val_acc":0.4471664216887147,"_step":568,"fold0_val_acc":0.4396537644945288,"_wandb":{"runtime":40},"fold0_train_acc":0.9353258206761391,"fold0_tmp_test_acc":0.44651314715008983,"fold0_tmp_test_loss":2.3204500675201416,"fold0_train_loss":0.22241540253162384,"best_test_acc":0.4486362894006206}