{"best_train_loss":0.1827717107720673,"fold0_test_loss":0.34147028256207707,"_step":499,"_timestamp":1.7470628388310199e+09,"fold0_train_loss":0.1917205910291523,"best_epoch":463,"_runtime":176.557712592,"_wandb":{"runtime":253},"best_test_loss":0.32482239581644534}