{"_wandb":{"runtime":281},"_timestamp":1.7469438324633915e+09,"fold0_val_acc":0.4848930262943002,"_step":587,"fold0_tmp_test_acc":0.4873428058141434,"fold0_tmp_test_loss":1.44114351272583,"fold0_train_loss":0.5919807553291321,"_runtime":281.548408904,"fold0_val_loss":1.4587346315383911,"fold0_train_acc":0.7719255267025967}