{"fold0_train_acc": 0.9939105109875562, "fold0_train_loss": 0.02238086424767971, "fold0_val_acc": 0.8935569285083849, "fold0_val_loss": 0.5896031260490417, "fold0_tmp_test_acc": 0.8859865866572538, "fold0_tmp_test_loss": 0.5770503878593445, "_timestamp": 1745741774.2135465, "_runtime": 291.8608705997467, "_step": 293, "best_test_acc": 0.8596893752206142, "best_val_acc": 0.8626654898499558, "best_epoch": 201, "test_acc": 84.28168019767031, "val_acc": 84.31244483671667, "test_acc_std": 6.1839618047405, "_wandb": {"runtime": 291}}