{"fold0_train_acc":0.9496955255493779,"_wandb":{"runtime":67},"_runtime":65.751960805,"best_test_acc":0.8976350158842217,"fold0_train_loss":0.1560731679201126,"best_val_acc":0.8976169461606355,"best_epoch":260,"fold0_tmp_test_acc":0.8708083303918108,"fold0_val_acc":0.8670785525154457,"fold0_tmp_test_loss":0.6299915313720703,"fold0_val_loss":0.6199562549591064,"_timestamp":1.7457252147525709e+09,"_step":477}