{"_step":71,"fold0_train_loss":0.18388425536453723,"fold0_test_loss":0.30467111080884934,"_timestamp":1.7471836766675959e+09,"_wandb":{"runtime":59},"_runtime":59.592871436}