{"test_acc":91.85139428168017,"fold0_tmp_test_loss":0.4083997309207916,"_step":973,"best_test_acc":0.8985174726438404,"_runtime":826.327232199,"fold0_val_acc":0.9152691968225949,"fold0_tmp_test_acc":0.9182845040593011,"fold0_train_acc":0.9923219486364839,"test_acc_std":0.8490334733837096,"best_val_acc":0.9025595763459842,"_wandb":{"runtime":826},"best_epoch":201,"fold0_train_loss":0.031244780868291855,"val_acc":91.8729037952339,"fold0_val_loss":0.3905097544193268,"_timestamp":1.7458179163848035e+09}