{"fold0_train_loss":0.32278746366500854,"fold0_train_acc":0.8994773803691001,"_wandb":{"runtime":899},"fold0_val_loss":1.735548973083496,"fold0_val_acc":0.49501878164298546,"_step":579,"_timestamp":1.7456954655939488e+09,"fold0_tmp_test_acc":0.5110240078392945,"_runtime":817.1316631,"best_val_acc":0.5102074146660134,"best_test_acc":0.5080842724154826,"best_epoch":704,"fold0_tmp_test_loss":1.7004828453063965}