{"best_epoch":350,"fold0_train_loss":0.19212175905704498,"fold0_train_acc":0.9495345418912298,"fold0_tmp_test_loss":2.042553186416626,"_timestamp":1.7458531277946813e+09,"_wandb":{"runtime":88},"best_test_acc":0.5079209537808264,"_step":498,"fold0_val_acc":0.48668953127551856,"best_val_acc":0.5102074146660134,"fold0_val_loss":1.9725219011306763,"fold0_tmp_test_acc":0.4943655071043606,"_runtime":71.799214938}