{"_timestamp":1.7473006561467898e+09,"_runtime":91.731644743,"_step":288,"_wandb":{"runtime":91},"fold0_train_loss":0.04788359993137419,"fold0_test_loss":0.7089625379443169}