{"_runtime":240.248311577,"fold0_tmp_test_loss":2.108184337615967,"fold0_train_loss":0.12321614474058151,"best_val_acc":0.5186999836681365,"_timestamp":1.7466530394604595e+09,"best_epoch":1287,"fold0_val_loss":2.1820783615112305,"best_test_acc":0.5154336109750123,"_step":1487,"fold0_train_acc":0.972562469377756,"fold0_val_acc":0.5155969296096684,"_wandb":{"runtime":313},"fold0_tmp_test_acc":0.5175567532255431}