{"fold0_test_loss":0.014773147453088314,"_runtime":1235.480138419,"_step":509,"best_epoch":499,"_wandb":{"runtime":1235},"best_test_loss":0.025451268167525996,"best_train_loss":0.0014306141214910895,"_timestamp":1.747059539100577e+09,"train_loss":0.0005724392553165671,"test_loss":0.015601483187704162,"test_loss_std":0.00480691298585236,"fold0_train_loss":0.002204141358306515}