{"_step":750,"best_test_acc":0.8652500000000001,"fold0_val_acc":0.87425,"fold0_tmp_test_loss":0.18383680284023285,"_timestamp":1.7458876093309753e+09,"val_acc":85.80749999999998,"test_acc_std":1.957084885742057,"fold0_train_acc":0.9125,"test_acc":85.4725,"best_epoch":627,"_runtime":615.508320275,"fold0_val_loss":0.18695516884326935,"fold0_tmp_test_acc":0.8785,"fold0_train_loss":0.12782356142997742,"best_val_acc":0.859,"_wandb":{"runtime":615}}