{"_runtime":26.590307236,"_step":14,"_wandb":{"runtime":26},"fold0_train_loss":NaN,"fold0_test_loss":NaN,"_timestamp":1.7472080034748755e+09}