{"fold0_val_acc":0.3833088355381349,"_step":17,"_wandb":{"runtime":4},"fold0_train_loss":1.3759500980377197,"fold0_val_loss":1.399967074394226,"fold0_tmp_test_acc":0.37938918830638574,"_timestamp":1.745939177926774e+09,"fold0_tmp_test_loss":1.3953309059143066,"_runtime":4.784037994,"fold0_train_acc":0.39082149273232075}