{"fold0_val_loss":1.9087047576904297,"_runtime":124.884322896,"best_epoch":650,"fold0_val_acc":0.5084109096847951,"fold0_tmp_test_acc":0.5064510860689204,"_timestamp":1.7456968972681987e+09,"best_test_acc":0.5097174587620448,"fold0_train_loss":0.22731757164001465,"best_val_acc":0.5120039196472318,"_step":750,"fold0_train_acc":0.9381022374652948,"_wandb":{"runtime":127},"fold0_tmp_test_loss":1.9003645181655884}