{"fold0_train_acc":0.8686918177364037,"fold0_val_loss":2.1895134449005127,"fold0_tmp_test_acc":0.4269149109913441,"fold0_tmp_test_loss":2.1472034454345703,"fold0_train_loss":0.3767126798629761,"best_test_acc":0.4314878327617181,"fold0_val_acc":0.41809570471990853,"best_val_acc":0.4223419892209701,"_wandb":{"runtime":78},"_step":458,"best_epoch":358,"_timestamp":1.745873304820177e+09,"_runtime":76.122450687}