{"fold0_train_acc": 0.7787485658812109, "fold0_train_loss": 0.5977917313575745, "fold0_val_acc": 0.6432480141218005, "fold0_val_loss": 1.284924864768982, "fold0_tmp_test_acc": 0.6530180021178962, "fold0_tmp_test_loss": 1.2611230611801147, "_timestamp": 1745738413.0544293, "_runtime": 44.80133819580078, "_step": 285, "best_test_acc": 0.822979174020473, "best_val_acc": 0.8259488084730803, "best_epoch": 131, "test_acc": 75.8224496999647, "val_acc": 75.52868490732568, "test_acc_std": 8.720760599237481, "_wandb": {"runtime": 44}}