{"fold0_tmp_test_loss":0.5697512626647949,"best_epoch":239,"best_test_acc":0.8512177903282739,"fold0_train_loss":0.09496922791004181,"fold0_train_acc":0.9722884123201836,"_timestamp":1.745717176326675e+09,"test_acc_std":0.6727446596936912,"_step":392,"fold0_val_acc":0.876081200353045,"val_acc":85.89938217122682,"_runtime":223.901844394,"fold0_tmp_test_acc":0.8736321920225909,"test_acc":85.63713378044476,"_wandb":{"runtime":223},"fold0_val_loss":0.5649350881576538,"best_val_acc":0.8538393645189761}