{"fold0_train_acc": 0.7371811843614862, "fold0_train_loss": 0.7351819276809692, "fold0_val_acc": 0.6571932921447484, "fold0_val_loss": 1.1263704299926758, "fold0_tmp_test_acc": 0.659724673490999, "fold0_tmp_test_loss": 1.105937123298645, "_timestamp": 1745749825.274071, "_runtime": 96.05642294883728, "_step": 311, "best_test_acc": 0.7882103776914932, "best_val_acc": 0.7962930273609885, "best_epoch": 292, "test_acc": 70.23826332509707, "val_acc": 70.0423654015887, "test_acc_std": 7.44013125795567, "_wandb": {"runtime": 95}}