{"fold0_train_loss":0.054751519644632936,"fold0_test_loss":0.4052830616012216,"_wandb":{"runtime":306},"_timestamp":1.74718438289567e+09,"_runtime":306.787418863,"_step":189}