{"fold0_tmp_test_acc":0.9029297564419343,"fold0_tmp_test_loss":0.42583951354026794,"fold0_train_acc":0.9842026299532257,"best_epoch":408,"fold0_val_acc":0.9045013239187997,"fold0_train_loss":0.061947744339704514,"best_test_acc":0.8808683374514649,"fold0_val_loss":0.4244273900985718,"_wandb":{"runtime":148},"_timestamp":1.7457666202933059e+09,"_runtime":140.356451274,"_step":517,"best_val_acc":0.8861429832303619}