{"best_epoch":200,"fold0_tmp_test_loss":0.4302779734134674,"val_acc":90.20476610767872,"fold0_tmp_test_acc":0.9059301094246381,"fold0_train_loss":0.04704177752137184,"fold0_val_loss":0.4357936382293701,"_wandb":{"runtime":220},"_step":305,"test_acc":90.26120720084714,"fold0_train_acc":0.9891448239343394,"_timestamp":1.7457246715703907e+09,"best_val_acc":0.9059135039717564,"_runtime":220.440703863,"test_acc_std":0.6205271286507807,"fold0_val_acc":0.9045013239187997,"best_test_acc":0.9057536180727145}