{"fold0_test_loss":1.5171319556236267,"_timestamp":1.747087675624044e+09,"_runtime":7.061192687,"_step":50,"fold0_train_loss":1.5382538056373596,"_wandb":{"runtime":7}}