{"fold0_train_acc": 0.9128055776189216, "fold0_train_loss": 0.2700360417366028, "fold0_val_acc": 0.8250661959399823, "fold0_val_loss": 0.7522161602973938, "fold0_tmp_test_acc": 0.8254500529474056, "fold0_tmp_test_loss": 0.6784800887107849, "_timestamp": 1745741887.6410952, "_runtime": 100.44851922988892, "_step": 666, "best_test_acc": 0.6450758912813273, "best_val_acc": 0.6557811120917917, "best_epoch": 125, "test_acc": 74.35580656547829, "val_acc": 74.18181818181819, "test_acc_std": 8.953397759456843, "_wandb": {"runtime": 100}}