{"_runtime":853.759506523,"best_epoch":1451,"best_val_acc":0.989602,"fold0_train_acc":1,"fold0_tmp_test_acc":0.9856010000000001,"_wandb":{"runtime":895},"best_test_acc":0.9879049999999999,"fold0_tmp_test_loss":0.1341383308172226,"fold0_val_loss":0.12615296244621277,"_step":2002,"_timestamp":1.7466483174493191e+09,"fold0_train_loss":0.006465510930866003,"fold0_val_acc":0.9861090000000001}