{"best_val_acc":0.5040013065490773,"fold0_tmp_test_acc":0.49926506614404703,"fold0_train_loss":0.43611928820610046,"fold0_tmp_test_loss":1.6509686708450317,"best_test_acc":0.5017148456638902,"fold0_train_acc":0.8389678262289727,"fold0_val_loss":1.6909804344177246,"_step":780,"best_epoch":680,"_wandb":{"runtime":131},"fold0_val_acc":0.49256900212314225,"_runtime":128.518159728,"_timestamp":1.7456997472548847e+09}