{"fold0_train_acc": 0.919451275479279, "fold0_train_loss": 0.08051112294197083, "fold0_val_acc": 0.7587108394091058, "fold0_val_loss": 0.11660756915807724, "fold0_tmp_test_acc": 0.7448011932331122, "fold0_tmp_test_loss": 0.12281352281570435, "_timestamp": 1746111725.6291919, "_runtime": 40.83602476119995, "_step": 293, "best_test_acc": 0.7669684767575828, "best_val_acc": 0.7629378452799473, "best_epoch": 93, "_wandb": {"runtime": 73}}