{"fold0_val_loss":1.3837757110595703,"fold0_val_acc":0.3893516250204148,"fold0_tmp_test_loss":1.3817346096038818,"fold0_tmp_test_acc":0.3798791442103544,"fold0_train_acc":0.4028254123795525,"_wandb":{"runtime":4},"_runtime":4.9209329870000005,"fold0_train_loss":1.3568484783172607,"_timestamp":1.7459536316866376e+09,"_step":20}