{"fold0_tmp_test_acc":0.990713,"_wandb":{"runtime":2777},"best_test_acc":0.987571,"best_val_acc":0.988273,"fold0_val_loss":0.12897826731204987,"fold0_train_loss":0.00267808442004025,"_timestamp":1.7466526738833783e+09,"test_acc":98.83514000000002,"fold0_val_acc":0.988779,"test_acc_std":0.2862085225844949,"best_epoch":1693,"fold0_train_acc":1,"_runtime":2777.420718633,"fold0_tmp_test_loss":0.11950989812612534,"_step":2009,"val_acc":98.852405}