{"_wandb":{"runtime":25},"best_test_acc":0.8568655135898341,"fold0_val_acc":0.8653133274492498,"fold0_train_acc":0.9661989233077398,"fold0_train_loss":0.11095590144395828,"_timestamp":1.7457080612285218e+09,"fold0_val_loss":0.5228793025016785,"_step":315,"_runtime":21.687768543,"fold0_tmp_test_acc":0.8625132368513942,"best_val_acc":0.8637246248896734,"fold0_tmp_test_loss":0.5367808938026428,"best_epoch":215}