{"_wandb":{"runtime":236},"fold0_tmp_test_loss":0.5043857097625732,"val_acc":85.91173874669022,"_timestamp":1.7457070774523563e+09,"fold0_train_acc":0.973523960815462,"fold0_tmp_test_acc":0.8766325450052947,"best_val_acc":0.8455428067078552,"best_epoch":209,"fold0_train_loss":0.09501365572214127,"fold0_val_acc":0.8781994704324801,"_step":378,"test_acc":85.73067419696436,"best_test_acc":0.8459230497705612,"fold0_val_loss":0.5040622353553772,"test_acc_std":0.846395187954878,"_runtime":236.660926859}