{"fold0_tmp_test_loss":0.4817230999469757,"_step":252,"fold0_tmp_test_acc":0.8983409812919168,"val_acc":89.72285966460723,"best_val_acc":0.9034421888790821,"test_acc":89.78644546417223,"_runtime":202.951687522,"test_acc_std":0.6832768722196076,"fold0_val_acc":0.8972639011473963,"best_test_acc":0.8941051888457465,"best_epoch":188,"fold0_train_loss":0.052438508719205856,"_timestamp":1.7457203754283984e+09,"_wandb":{"runtime":202},"fold0_train_acc":0.9855264319124526,"fold0_val_loss":0.4604763388633728}