{"fold0_val_loss":1.9270970821380615,"fold0_train_loss":0.17541202902793884,"best_test_acc":0.5010615711252654,"_timestamp":1.7458499294532812e+09,"best_epoch":488,"fold0_train_acc":0.9560672872774784,"fold0_val_acc":0.5048178997223584,"_wandb":{"runtime":863},"_runtime":863.844987252,"test_acc":51.26081985954598,"fold0_tmp_test_acc":0.5046545810877021,"val_acc":51.3326800587947,"_step":678,"fold0_tmp_test_loss":1.9685839414596558,"test_acc_std":0.6778825157534701,"best_val_acc":0.5097174587620448}