{"best_val_acc":0.8969108561341571,"fold0_val_acc":0.9053839364518976,"_wandb":{"runtime":22},"best_epoch":136,"fold0_tmp_test_acc":0.901694316978468,"_step":236,"fold0_tmp_test_loss":0.41944587230682373,"_runtime":15.577070919,"fold0_train_loss":0.05614635348320007,"fold0_train_acc":0.9843791368811226,"_timestamp":1.7457187533560154e+09,"best_test_acc":0.892340275326509,"fold0_val_loss":0.4278131127357483}