{"fold0_tmp_test_loss":1.832219123840332,"_runtime":54.775120744,"best_val_acc":0.49697860525886006,"best_epoch":268,"fold0_val_acc":0.4964886493548914,"fold0_train_loss":0.4282088279724121,"fold0_tmp_test_acc":0.5056344928956394,"fold0_train_acc":0.8361914094398171,"_wandb":{"runtime":57},"best_test_acc":0.4986117916054222,"_step":368,"_timestamp":1.7457011412977266e+09,"fold0_val_loss":1.8842883110046387}