{"_timestamp":1.7471923613513205e+09,"_runtime":23.570999698,"_step":89,"_wandb":{"runtime":23},"fold0_train_loss":0.4402172227576375,"fold0_test_loss":0.5464730659872293}