{"fold0_train_acc":0.9249550873754695,"fold0_tmp_test_acc":0.5231095868038543,"best_val_acc":0.5170667973215743,"best_epoch":485,"fold0_train_loss":0.26190990653614477,"_timestamp":1.746027225941553e+09,"_wandb":{"runtime":247},"fold0_val_loss":1.725535660993344,"fold0_val_acc":0.5051445369916707,"best_test_acc":0.5232729054385106,"_step":585,"fold0_tmp_test_loss":1.683103702071884,"_runtime":238.233608669}