{"fold0_test_loss":0.31828615059843285,"_timestamp":1.747300840137856e+09,"_wandb":{"runtime":2},"_runtime":2.77339519,"_step":5,"fold0_train_loss":0.3007544002085342}