{"fold0_tmp_test_loss":0.2937455177307129,"_wandb":{"runtime":57},"fold0_tmp_test_acc":0.9201320000000001,"best_val_acc":0.920345,"fold0_train_loss":0.08492425829172134,"_runtime":38.185301215,"fold0_train_acc":0.9977587499999999,"_step":508,"_timestamp":1.7466680469351938e+09,"fold0_val_loss":0.31049466133117676,"fold0_val_acc":0.90819,"best_epoch":308,"best_test_acc":0.9276449999999999}