{"fold0_test_loss":0.4374962303042412,"_timestamp":1.7470936858910766e+09,"_runtime":127.075938695,"_wandb":{"runtime":127},"_step":153,"fold0_train_loss":0.12835092529654502}