{"fold0_tmp_test_acc":0.86175,"fold0_val_acc":0.8372499999999999,"_runtime":722.682110845,"fold0_train_loss":0.14310063421726227,"fold0_val_loss":0.1911180317401886,"_wandb":{"runtime":722},"best_test_acc":0.8805,"test_acc_std":1.1506628524463638,"val_acc":86.4725,"best_val_acc":0.87075,"test_acc":86.38999999999999,"_timestamp":1.745883466647706e+09,"best_epoch":771,"fold0_train_acc":0.89225,"_step":603,"fold0_tmp_test_loss":0.1809130311012268}