{"_runtime":1009.392437199,"best_epoch":618,"fold0_train_loss":0.09153157472610474,"best_test_acc":0.7969783587965154,"fold0_val_acc":0.7788566579498813,"best_val_acc":0.7931093523601705,"fold0_tmp_test_loss":0.11858388781547546,"_timestamp":1.7468613634033148e+09,"_wandb":{"runtime":1018},"fold0_tmp_test_acc":0.7775129355427849,"fold0_train_acc":0.8996256977757766,"_step":736,"fold0_val_loss":0.11595098674297333}