{"_wandb":{"runtime":25},"fold0_train_loss":0.4261691817641258,"fold0_test_loss":0.5584891036152839,"_timestamp":1.74720750140089e+09,"_runtime":25.669580997,"_step":13}