{"_timestamp":1.747095026535159e+09,"_runtime":102.597561092,"_step":119,"fold0_train_loss":0.5227776622772217,"fold0_test_loss":0.4726050168275833,"_wandb":{"runtime":102}}