{"best_val_acc":0.8511915269196823,"_wandb":{"runtime":41},"fold0_tmp_test_acc":0.8598658665725379,"fold0_tmp_test_loss":0.6179702281951904,"_timestamp":1.7457078899335206e+09,"fold0_val_loss":0.6436787843704224,"best_epoch":110,"_runtime":39.696542715,"fold0_val_acc":0.8580759046778464,"best_test_acc":0.8438051535474762,"_step":210,"fold0_train_loss":0.031212616711854935,"fold0_train_acc":0.9939105109875562}