{"_wandb":{"runtime":66},"_runtime":66.965466097,"_step":79,"fold0_train_loss":0.07593596179038287,"fold0_test_loss":0.5594145736098289,"_timestamp":1.7470864805785613e+09}