{"_runtime":116.580977155,"_step":501,"fold0_test_loss":0.983532452583313,"_wandb":{"runtime":136},"best_epoch":288,"fold0_train_loss":0.0010118818114278837,"_timestamp":1.7471885072827113e+09,"best_train_loss":5.238746734903543e-05,"best_test_loss":0.7284043729305267}