{"fold0_train_acc": 0.36787522456312266, "fold0_train_loss": 1.4418991804122925, "fold0_val_acc": 0.36779356524579454, "fold0_val_loss": 1.4419381618499756, "fold0_tmp_test_acc": 0.3679568838804508, "fold0_tmp_test_loss": 1.441851258277893, "_timestamp": 1745956062.8732624, "_runtime": 527.5743353366852, "_step": 322, "best_test_acc": 0.3679568838804508, "best_val_acc": 0.36779356524579454, "best_epoch": 149, "test_acc": 36.79405520169852, "val_acc": 36.780989710926015, "test_acc_std": 0.004899559039687196, "_wandb": {"runtime": 527}}