{"_runtime":390.562752734,"_step":476,"_wandb":{"runtime":390},"fold0_train_loss":NaN,"fold0_test_loss":NaN,"_timestamp":1.7470947230117817e+09}