{"best_test_acc":0.7599717613836922,"fold0_val_loss":0.7990706562995911,"_wandb":{"runtime":117},"fold0_val_acc":0.7516328331862312,"_step":1499,"_timestamp":1.7457277916392567e+09,"fold0_tmp_test_loss":0.7975445985794067,"_runtime":112.480194898,"fold0_train_loss":0.7162810564041138,"best_epoch":1499,"fold0_tmp_test_acc":0.7599717613836922,"best_val_acc":0.7516328331862312,"fold0_train_acc":0.7723943164769217}