{"best_epoch":288,"_runtime":26.14833901,"fold0_train_acc":0.848358647721705,"best_test_acc":0.43067123958843706,"fold0_val_loss":1.9260494709014893,"_timestamp":1.7458463746651974e+09,"fold0_tmp_test_acc":0.41956557243181447,"best_val_acc":0.42969132778049973,"_wandb":{"runtime":33},"fold0_tmp_test_loss":1.909987449645996,"fold0_train_loss":0.45593956112861633,"fold0_val_acc":0.4211987587783766,"_step":388}