{"best_test_acc":0.520131,"fold0_tmp_test_acc":0.521463,"best_val_acc":0.514367,"best_epoch":66,"fold0_tmp_test_loss":0.49977225065231323,"_runtime":37.554434721,"_timestamp":1.746647420523699e+09,"fold0_train_acc":0.517197125,"_step":266,"fold0_val_loss":0.5005198121070862,"fold0_train_loss":0.500026285648346,"fold0_val_acc":0.5019020000000001,"_wandb":{"runtime":75}}