{"fold0_train_loss":0.06717907851561904,"fold0_test_loss":0.5244358119368553,"_timestamp":1.747183604264653e+09,"_runtime":100.647673423,"_step":123,"_wandb":{"runtime":100}}