{"_runtime":334.789636286,"_wandb":{"runtime":334},"_step":413,"fold0_train_loss":0.030668327435851097,"fold0_test_loss":0.3765365132689476,"_timestamp":1.7470847554980617e+09}