{"_timestamp":1.7471855691342046e+09,"_runtime":347.812980384,"_step":122,"_wandb":{"runtime":347},"fold0_train_loss":0.20208885898813606,"fold0_test_loss":0.659543716982007}