{"_wandb":{"runtime":3700},"val_acc":78.84856692586114,"fold0_tmp_test_acc":0.774519578212413,"fold0_tmp_test_loss":0.11976341903209686,"test_acc":79.14159022324634,"best_val_acc":0.7832314450813662,"fold0_train_acc":0.9072651807722727,"best_test_acc":0.7809022670967355,"_timestamp":1.7468450302041323e+09,"_runtime":3700.834231243,"best_epoch":1080,"fold0_train_loss":0.09038171917200089,"fold0_val_acc":0.772793585369655,"test_acc_std":0.9938498658019136,"fold0_val_loss":0.11716566234827042,"_step":878}