{"_runtime":292.952863063,"best_test_acc":0.7852795716551723,"best_val_acc":0.783530933042389,"fold0_train_acc":0.8999423018085886,"best_epoch":567,"fold0_val_acc":0.7735635488284295,"fold0_tmp_test_acc":0.7803029953198848,"fold0_val_loss":0.11660613119602203,"_timestamp":1.746669715061901e+09,"fold0_tmp_test_loss":0.11918596178293228,"_step":767,"_wandb":{"runtime":420},"fold0_train_loss":0.08965954929590225}