{"_runtime":2339.377840901,"fold0_train_loss":0.032148487865924835,"best_epoch":487,"_timestamp":1.74668519178512e+09,"best_test_acc":0.7831039068687098,"_wandb":{"runtime":2397},"fold0_val_acc":0.6950706867787726,"fold0_train_acc":0.9934756882508124,"_step":2001,"fold0_tmp_test_acc":0.6808618615637172,"fold0_tmp_test_loss":0.2209569215774536,"best_val_acc":0.7993180125729525,"fold0_val_loss":0.21499532461166382}