{"val_acc":49.38265556099951,"fold0_train_loss":0.49187278747558594,"_runtime":364.496683903,"_wandb":{"runtime":364},"test_acc":48.84043769394088,"best_epoch":423,"test_acc_std":1.1220893528145157,"fold0_val_loss":1.5481575727462769,"fold0_train_acc":0.831536828352115,"_step":551,"fold0_val_acc":0.48554630083292505,"_timestamp":1.7456156942949262e+09,"best_val_acc":0.48570961946758123,"fold0_tmp_test_loss":1.543131709098816,"fold0_tmp_test_acc":0.4861995753715499,"best_test_acc":0.4897925853339866}