{"fold0_train_acc":0.9664636836995852,"fold0_train_loss":0.10989639908075333,"fold0_tmp_test_acc":0.886516060713025,"fold0_val_loss":0.42473214864730835,"_timestamp":1.7457281235548332e+09,"_step":455,"best_test_acc":0.8856336039534063,"_wandb":{"runtime":48},"fold0_tmp_test_loss":0.41828227043151855,"fold0_val_acc":0.8917917034421888,"_runtime":35.049847644,"best_val_acc":0.8889673433362754,"best_epoch":255}