{"best_test_acc":0.4448799608035277,"fold0_val_acc":0.44145026947574717,"fold0_train_loss":0.6062527894973755,"best_val_acc":0.4497795198432141,"_runtime":27.18325374,"_timestamp":1.7458462656794276e+09,"fold0_train_acc":0.7807447329740324,"fold0_val_loss":1.5808987617492676,"fold0_tmp_test_loss":1.590808391571045,"_wandb":{"runtime":49},"_step":383,"fold0_tmp_test_acc":0.44798301486199577,"best_epoch":283}