{"fold0_test_loss":0.5914391818642616,"_timestamp":1.7470939415945551e+09,"_runtime":145.598600982,"_step":176,"_wandb":{"runtime":145},"fold0_train_loss":0.14833549983799457}