{"best_val_acc":0.893909973521624,"_runtime":250.229776846,"fold0_tmp_test_loss":0.4433995485305786,"best_epoch":184,"fold0_val_acc":0.9025595763459842,"fold0_val_loss":0.43738725781440735,"best_test_acc":0.8914578185668902,"fold0_train_acc":0.9795251963639573,"_wandb":{"runtime":250},"_timestamp":1.7457296240105422e+09,"fold0_train_loss":0.07341970503330231,"fold0_tmp_test_acc":0.9031062477938581,"test_acc":90.04941757853867,"val_acc":90.07060900264783,"test_acc_std":0.7931042999981347,"_step":304}