{"_wandb":{"runtime":21},"fold0_train_loss":0.24267837405204773,"fold0_train_acc":0.78875,"_step":255,"fold0_tmp_test_loss":0.30206021666526794,"_timestamp":1.74588221464969e+09,"best_test_acc":0.7102499999999999,"fold0_tmp_test_acc":0.7360000000000001,"fold0_val_acc":0.721,"fold0_val_loss":0.3183153569698334,"_runtime":17.278480016,"best_val_acc":0.7012499999999999,"best_epoch":155}