{"fold0_val_acc":0.5121672382818879,"_timestamp":1.7466534440432174e+09,"best_epoch":952,"_wandb":{"runtime":381},"_step":1999,"_runtime":322.871626404,"fold0_tmp_test_acc":0.5200065327453862,"best_test_acc":0.5226196308998857,"fold0_val_loss":2.263537645339966,"fold0_train_acc":0.9802384452065981,"fold0_train_loss":0.09912366420030594,"best_val_acc":0.5183733463988242,"fold0_tmp_test_loss":2.196584463119507}