{"_step":970,"fold0_train_acc":0.9132884505481182,"_runtime":2893.205988816,"fold0_tmp_test_acc":0.7744258373758107,"_wandb":{"runtime":2901},"best_epoch":532,"best_test_acc":0.8062836376062377,"fold0_val_loss":0.11596248298883438,"fold0_val_acc":0.7824378135300671,"best_val_acc":0.783121301860543,"fold0_tmp_test_loss":0.11901441216468811,"fold0_train_loss":0.08740116655826569,"_timestamp":1.7468495308052056e+09}