{"_timestamp":1.7472007584425302e+09,"_runtime":40.534966113,"_step":33,"_wandb":{"runtime":40},"fold0_train_loss":0.2600141167640686,"fold0_test_loss":0.7329290877282619}