{"fold0_val_acc":0.9833700000000001,"fold0_train_loss":0.028666993603110313,"fold0_tmp_test_acc":0.9857530000000001,"fold0_val_loss":0.13254894316196442,"_step":1711,"best_epoch":1296,"_wandb":{"runtime":715},"best_test_acc":0.983622,"fold0_tmp_test_loss":0.12276794016361237,"_runtime":710.815282079,"_timestamp":1.7466731078088436e+09,"best_val_acc":0.983917,"fold0_train_acc":0.9998}