{"fold0_train_acc": 0.9995587326802577, "fold0_train_loss": 0.004456737078726292, "fold0_val_acc": 0.8889673433362754, "fold0_val_loss": 0.6356213688850403, "fold0_tmp_test_acc": 0.8911048358630427, "fold0_tmp_test_loss": 0.625069797039032, "_timestamp": 1745747171.063363, "_runtime": 124.92965006828308, "_step": 265, "best_test_acc": 0.862689728203318, "best_val_acc": 0.8644307149161518, "best_epoch": 47, "test_acc": 87.14613483939286, "val_acc": 87.045013239188, "test_acc_std": 0.5104262935716979, "_wandb": {"runtime": 124}}