{"test_acc_std":0.8961886063786133,"best_test_acc":0.8637486763148605,"_runtime":143.706415183,"fold0_val_acc":0.8616063548102383,"fold0_val_loss":0.5628831386566162,"best_epoch":184,"_step":230,"val_acc":85.18093556928508,"fold0_tmp_test_loss":0.5554947853088379,"fold0_train_acc":0.9785544082605242,"_wandb":{"runtime":143},"best_val_acc":0.8672550750220653,"test_acc":85.08118602188492,"fold0_train_loss":0.07811268419027328,"fold0_tmp_test_acc":0.8607483233321567,"_timestamp":1.7457021070676184e+09}