{"_wandb":{"runtime":284},"fold0_tmp_test_loss":0.2280133217573166,"fold0_train_acc":0.9646882499999999,"_runtime":284.565892235,"fold0_train_loss":0.2045077532529831,"fold0_tmp_test_acc":0.9521754999999998,"_timestamp":1.7466723775589275e+09,"fold0_val_acc":0.94295,"_step":212,"fold0_val_loss":0.24104367196559906}