{"fold0_train_acc": 0.9782896478686789, "fold0_train_loss": 0.08321642130613327, "fold0_val_acc": 0.8397175639894087, "fold0_val_loss": 0.6154423356056213, "fold0_tmp_test_acc": 0.8409812919166961, "fold0_tmp_test_loss": 0.63185715675354, "_timestamp": 1745753107.1899788, "_runtime": 126.79776072502136, "_step": 375, "best_test_acc": 0.828803388633957, "best_val_acc": 0.8340688437775816, "best_epoch": 207, "test_acc": 83.59336392516767, "val_acc": 83.63989408649604, "test_acc_std": 0.8002749254141295, "_wandb": {"runtime": 126}}