{"fold0_train_acc":0.8884743893920763,"best_val_acc":0.7714179496504627,"_runtime":3327.717091328,"_timestamp":1.746899888417426e+09,"best_test_acc":0.784554811837205,"fold0_tmp_test_acc":0.7754621815755387,"_step":1497,"fold0_train_loss":0.09676151722669601,"fold0_val_loss":0.11445170640945435,"fold0_tmp_test_loss":0.11756779253482819,"fold0_val_acc":0.7774670522833935,"_wandb":{"runtime":3346},"best_epoch":1375}