{"fold0_train_acc": 0.9982349307210308, "fold0_train_loss": 0.012665607035160065, "fold0_val_acc": 0.8813768755516328, "fold0_val_loss": 0.6472213268280029, "fold0_tmp_test_acc": 0.8821037769149311, "fold0_tmp_test_loss": 0.6363140344619751, "_timestamp": 1745740507.424603, "_runtime": 147.17370510101318, "_step": 287, "best_test_acc": 0.8183903988704554, "best_val_acc": 0.8206531332744925, "best_epoch": 75, "test_acc": 78.25803035651253, "val_acc": 78.04236540158871, "test_acc_std": 9.236972802106006, "_wandb": {"runtime": 146}}