{"fold0_val_acc":0.2678425608361914,"fold0_tmp_test_acc":0.2678425608361914,"val_acc":48.276988404376944,"best_epoch":706,"test_acc":47.762534705209866,"_wandb":{"runtime":368},"_step":195,"_runtime":368.066985322,"fold0_tmp_test_loss":NaN,"fold0_val_loss":NaN,"best_val_acc":0.49828515433610976,"best_test_acc":0.5026947574718276,"_timestamp":1.745617415350809e+09,"fold0_train_loss":NaN,"fold0_train_acc":0.2678425608361914,"test_acc_std":4.110293975719869}