{"_timestamp":1.7472997699948106e+09,"_runtime":3.020695449,"_step":3,"fold0_train_loss":0.1886456698179245,"_wandb":{"runtime":3},"fold0_test_loss":0.21063190042972565}