{"_runtime":211.849791362,"_step":258,"_wandb":{"runtime":211},"fold0_train_loss":0.03294355813413859,"fold0_test_loss":0.466826286315918,"_timestamp":1.7470927570722492e+09}