{"fold0_tmp_test_acc":0.4491262453045893,"best_epoch":355,"best_test_acc":0.44096031357177856,"_wandb":{"runtime":40},"best_val_acc":0.44520659807284013,"fold0_tmp_test_loss":1.845802664756775,"_step":455,"fold0_train_loss":0.3734169006347656,"_timestamp":1.7458731231577148e+09,"_runtime":31.590528132,"fold0_val_loss":1.835411548614502,"fold0_train_acc":0.8886166911644618,"fold0_val_acc":0.4425934999183407}