{"_timestamp":1.7457178490220544e+09,"_runtime":23.717205149,"best_val_acc":0.893909973521624,"best_test_acc":0.892340275326509,"fold0_tmp_test_loss":0.4289310872554779,"_wandb":{"runtime":28},"fold0_val_loss":0.4885416030883789,"fold0_tmp_test_acc":0.9045181786092481,"best_epoch":183,"fold0_train_loss":0.07812206447124481,"_step":383,"fold0_train_acc":0.9774953666931427,"fold0_val_acc":0.8981465136804943}