{"fold0_val_loss":0.6637043952941895,"fold0_tmp_test_acc":0.4900712060936161,"fold0_train_loss":0.6635879278182983,"_runtime":2.86091241,"fold0_train_acc":0.4587377979437623,"_step":0,"fold0_tmp_test_loss":0.6635971069335938,"_wandb":{"runtime":2},"fold0_val_acc":0.43401982347066603,"_timestamp":1.746035789700793e+09}