{"_step":484,"fold0_tmp_test_acc":0.48930262943001795,"best_test_acc":0.4873428058141434,"fold0_val_acc":0.47084762371386574,"fold0_train_loss":0.8733181953430176,"fold0_val_loss":1.3217098712921143,"best_epoch":384,"_wandb":{"runtime":202},"fold0_train_acc":0.6354728074473297,"_runtime":100.0321083,"_timestamp":1.7459405850725121e+09,"best_val_acc":0.47983014861995754,"fold0_tmp_test_loss":1.307163953781128}