{"fold0_val_acc":0.9556570000000001,"fold0_tmp_test_acc":0.9682810000000001,"_wandb":{"runtime":114},"fold0_val_loss":0.21113871037960052,"_runtime":103.744342151,"_step":849,"best_val_acc":0.9591500000000001,"best_epoch":749,"_timestamp":1.7459234690423195e+09,"fold0_train_acc":0.9778020000000001,"fold0_train_loss":0.15913903713226318,"fold0_tmp_test_loss":0.18443448841571808,"best_test_acc":0.968737}