{"_step":11,"fold0_train_loss":0.21059079714585097,"fold0_test_loss":0.15242783957975917,"_timestamp":1.747300827623415e+09,"_wandb":{"runtime":4},"_runtime":4.819303618}