{"fold0_tmp_test_loss":0.21933186054229736,"fold0_val_loss":0.24925559759140015,"best_test_acc":0.8222499999999999,"_runtime":24.884959628,"_wandb":{"runtime":40},"fold0_tmp_test_acc":0.843,"_step":582,"fold0_train_acc":0.8868749999999999,"fold0_train_loss":0.17353519797325134,"best_val_acc":0.7847500000000001,"_timestamp":1.7458864419489546e+09,"best_epoch":482,"fold0_val_acc":0.8039999999999999}