{"best_test_loss":0.45808844923973085,"fold0_test_loss":0.48218791991472243,"_step":500,"best_train_loss":0.0148782217502594,"best_epoch":447,"_timestamp":1.747084237725572e+09,"_runtime":807.926573194,"_wandb":{"runtime":982},"fold0_train_loss":0.015765314660966395}