{"_runtime":154.850534105,"_step":188,"_wandb":{"runtime":154},"fold0_train_loss":0.05139877066016197,"fold0_test_loss":0.3942842921614647,"_timestamp":1.7470898689603567e+09}