{"best_val_acc":0.5182100277641679,"fold0_train_loss":0.07441577315330505,"fold0_tmp_test_loss":2.042107582092285,"best_test_acc":0.5175567532255431,"fold0_val_acc":0.519026620937449,"fold0_train_acc":0.9884043769394087,"_runtime":1009.541646708,"fold0_tmp_test_acc":0.5203331700146987,"_timestamp":1.7459533819806347e+09,"best_epoch":372,"_step":3000,"_wandb":{"runtime":1243},"fold0_val_loss":2.084381580352783}