{"fold0_train_loss":0.4622909128665924,"fold0_train_acc":0.815403875,"fold0_val_loss":0.46717995405197144,"_wandb":{"runtime":3},"fold0_tmp_test_acc":0.8030235,"_timestamp":1.746989010399694e+09,"_step":18,"fold0_val_acc":0.798932,"_runtime":3.815147289,"fold0_tmp_test_loss":0.464942991733551}