{"fold0_train_acc": 0.8888888888888888, "fold0_train_loss": 0.32774922251701355, "fold0_val_acc": 0.7394527802294792, "fold0_val_loss": 0.9352636337280273, "fold0_tmp_test_acc": 0.739145781856689, "fold0_tmp_test_loss": 0.9232708811759949, "_timestamp": 1745734388.2996993, "_runtime": 144.83770036697388, "_step": 314, "best_test_acc": 0.7184962936816096, "best_val_acc": 0.7343336275375111, "best_epoch": 110, "test_acc": 73.06388986939639, "val_acc": 73.14210061782877, "test_acc_std": 0.7031713150597024, "_wandb": {"runtime": 144}}