{"_runtime":99.628539791,"_timestamp":1.7458750385801513e+09,"_wandb":{"runtime":109},"fold0_tmp_test_acc":0.5142903805324187,"best_test_acc":0.514453699167075,"fold0_val_acc":0.5069410419728891,"fold0_train_loss":0.25426003336906433,"fold0_val_loss":1.8210285902023315,"_step":631,"best_val_acc":0.515270292340356,"fold0_tmp_test_loss":1.867828369140625,"fold0_train_acc":0.9307528989057652,"best_epoch":531}