{"fold0_train_acc": 0.9931162298120201, "fold0_train_loss": 0.02803272381424904, "fold0_val_acc": 0.8746690203000883, "fold0_val_loss": 0.7743344902992249, "fold0_tmp_test_acc": 0.8732792093187434, "fold0_tmp_test_loss": 0.7183674573898315, "_timestamp": 1745754848.6705666, "_runtime": 317.7538306713104, "_step": 280, "best_test_acc": 0.8296858453935757, "best_val_acc": 0.8407766990291262, "best_epoch": 95, "test_acc": 84.26579597599716, "val_acc": 84.23654015887026, "test_acc_std": 6.709203313841024, "_wandb": {"runtime": 317}}