{"fold0_tmp_test_loss":0.4442852735519409,"_timestamp":1.7457241442226558e+09,"best_val_acc":0.8926743159752869,"best_test_acc":0.8914578185668902,"fold0_val_loss":0.42636051774024963,"fold0_val_acc":0.9045013239187997,"fold0_train_acc":0.9826140676021534,"val_acc":89.53045013239189,"_step":269,"fold0_tmp_test_acc":0.9011648429226968,"fold0_train_loss":0.062242113053798676,"test_acc":89.58877515001765,"_wandb":{"runtime":203},"test_acc_std":0.6970604090202056,"_runtime":203.367295499,"best_epoch":145}