{"_step":72,"fold0_train_loss":0.3639193138480186,"fold0_test_loss":0.5538703966140747,"_timestamp":1.7471832033955476e+09,"_runtime":114.581416308,"_wandb":{"runtime":114}}