{"fold0_train_loss":0.5296688079833984,"_step":460,"fold0_val_loss":1.8954998254776,"best_epoch":360,"fold0_tmp_test_loss":1.8948979377746582,"best_val_acc":0.4187489792585334,"fold0_tmp_test_acc":0.4269149109913441,"_runtime":23.655402575,"_timestamp":1.7458729649585004e+09,"_wandb":{"runtime":25},"fold0_train_acc":0.8112853176547444,"fold0_val_acc":0.41025641025641024,"best_test_acc":0.4305079209537808}