{"fold0_train_acc": 0.36787522456312266, "fold0_train_loss": 1.4184038639068604, "fold0_val_acc": 0.36779356524579454, "fold0_val_loss": 1.4189953804016113, "fold0_tmp_test_acc": 0.3679568838804508, "fold0_tmp_test_loss": 1.4184019565582275, "_timestamp": 1745962691.794741, "_runtime": 1232.872505903244, "_step": 770, "best_test_acc": 0.3679568838804508, "best_val_acc": 0.36779356524579454, "best_epoch": 506, "test_acc": 36.79405520169852, "val_acc": 36.780989710926015, "test_acc_std": 0.004899559039687196, "_wandb": {"runtime": 1232}}