{"_wandb":{"runtime":2},"fold0_train_loss":0.6300103156268597,"fold0_test_loss":0.5158248896151781,"_timestamp":1.747300930750574e+09,"_runtime":2.801943626,"_step":2}