{"best_val_acc":0.4842397517556753,"_wandb":{"runtime":54},"fold0_train_loss":0.20311254262924194,"_timestamp":1.745689005818698e+09,"fold0_val_loss":2.4220821857452393,"_step":502,"fold0_train_acc":0.9398987424465132,"_runtime":50.684114934,"fold0_tmp_test_acc":0.5002449779519843,"best_test_acc":0.4966519679895476,"fold0_val_acc":0.4826065654091132,"best_epoch":402,"fold0_tmp_test_loss":2.355353832244873}