{"fold0_train_loss":1.6217210342884063,"_wandb":{"runtime":12},"fold0_test_loss":0.218,"_timestamp":1.7472937653218524e+09,"_runtime":12.628589222,"_step":0}