{"_runtime":13.552256892,"_step":67,"_wandb":{"runtime":13},"fold0_train_loss":8.10365774154663,"fold0_test_loss":8.100270395278931,"_timestamp":1.7470893983929956e+09}