{"fold0_tmp_test_acc":0.914048711613131,"_step":626,"fold0_train_loss":0.08315647393465042,"best_epoch":462,"fold0_val_loss":0.3525521755218506,"val_acc":91.27449249779347,"fold0_train_acc":0.9763480716618127,"_wandb":{"runtime":427},"best_val_acc":0.9136804942630186,"test_acc":91.4101659018708,"fold0_val_acc":0.9193292144748455,"test_acc_std":0.5323518685891737,"_timestamp":1.7458109852862284e+09,"fold0_tmp_test_loss":0.3500027656555176,"_runtime":427.067368277,"best_test_acc":0.9149311683727497}