{"best_test_acc":0.8971055418284504,"_runtime":217.640709652,"fold0_tmp_test_acc":0.8949876456053654,"_timestamp":1.7457265475831208e+09,"best_epoch":170,"fold0_tmp_test_loss":0.4560979902744293,"val_acc":89.93998234774935,"fold0_val_acc":0.9007943512797881,"_wandb":{"runtime":217},"fold0_train_acc":0.9824375606742565,"fold0_train_loss":0.06586035341024399,"fold0_val_loss":0.45120105147361755,"test_acc_std":0.6888251940305858,"test_acc":90.12530885986587,"_step":296,"best_val_acc":0.8979699911738747}