{"fold0_val_acc":0.8593115622241836,"_timestamp":1.7457082141678624e+09,"best_epoch":398,"best_test_acc":0.8517472643840451,"_runtime":33.368296546,"fold0_tmp_test_loss":0.5169644355773926,"fold0_val_loss":0.5482190251350403,"_wandb":{"runtime":35},"best_val_acc":0.8548984995586937,"fold0_tmp_test_acc":0.8551006000705965,"_step":498,"fold0_train_acc":0.9620510105021622,"fold0_train_loss":0.13194096088409424}