{"_timestamp":1.7473038320268598e+09,"_runtime":329.537642138,"_step":137,"fold0_train_loss":NaN,"_wandb":{"runtime":329},"fold0_test_loss":NaN}