{"test_acc":91.21073067419697,"fold0_val_loss":0.3630509078502655,"_wandb":{"runtime":233},"fold0_val_acc":0.9094439541041482,"_step":257,"fold0_tmp_test_acc":0.9055771267207907,"fold0_train_acc":0.9875562615832671,"fold0_tmp_test_loss":0.360254168510437,"fold0_train_loss":0.05320063978433609,"test_acc_std":0.48910718180554147,"best_test_acc":0.9156371337804448,"_runtime":233.734450151,"best_val_acc":0.9216240070609003,"val_acc":91.02383053839364,"best_epoch":384,"_timestamp":1.7458066215028384e+09}