{"fold0_train_acc": 0.9366340128850057, "fold0_train_loss": 0.20375676453113556, "fold0_val_acc": 0.7205648720211827, "fold0_val_loss": 1.0657453536987305, "fold0_tmp_test_acc": 0.721849629368161, "fold0_tmp_test_loss": 1.0874528884887695, "_timestamp": 1745743657.7050567, "_runtime": 86.3532075881958, "_step": 268, "best_test_acc": 0.7119661136604306, "best_val_acc": 0.7255075022065314, "best_epoch": 51, "test_acc": 72.34027532650902, "val_acc": 72.25066195939982, "test_acc_std": 0.5675672108550276, "_wandb": {"runtime": 86}}