{"_timestamp":1.745937467413967e+09,"_wandb":{"runtime":34},"_runtime":34.764166058,"fold0_val_loss":NaN,"fold0_train_acc":0.2678425608361914,"fold0_val_acc":0.2678425608361914,"fold0_tmp_test_loss":NaN,"fold0_train_loss":NaN,"_step":91,"fold0_tmp_test_acc":0.2678425608361914}