{"fold0_tmp_test_loss":1.4109699726104736,"fold0_train_loss":1.411046028137207,"fold0_val_loss":1.4110445976257324,"_runtime":17.615570581,"_step":102,"best_test_acc":0.3679568838804508,"fold0_val_acc":0.36779356524579454,"best_val_acc":0.36779356524579454,"best_epoch":2,"fold0_train_acc":0.36787522456312266,"_timestamp":1.7460277626807904e+09,"_wandb":{"runtime":64},"fold0_tmp_test_acc":0.3679568838804508}