{"fold0_tmp_test_loss":1.2682533264160156,"fold0_val_acc":0.4393271272252164,"best_epoch":312,"fold0_val_loss":1.2879369258880615,"_wandb":{"runtime":65},"_runtime":61.563744862,"fold0_train_loss":1.1481471061706543,"best_test_acc":0.4484729707659644,"best_val_acc":0.44194022537971583,"_timestamp":1.7456884503499959e+09,"_step":412,"fold0_tmp_test_acc":0.44928956393924546,"fold0_train_acc":0.5071043606075453}