{"fold0_val_loss":1.722649097442627,"_step":659,"fold0_val_acc":0.514453699167075,"_wandb":{"runtime":234},"_runtime":195.290008355,"fold0_train_loss":0.2378518134355545,"fold0_tmp_test_acc":0.512983831455169,"best_test_acc":0.5121672382818879,"best_epoch":450,"_timestamp":1.7459415703002353e+09,"fold0_train_acc":0.9373673036093418,"fold0_tmp_test_loss":1.7480255365371704,"best_val_acc":0.512983831455169}