{"_runtime":82.626976208,"_step":35,"_wandb":{"runtime":82},"fold0_train_loss":0.3285251694917679,"fold0_test_loss":0.6113880507647991,"_timestamp":1.7471990293404858e+09}