{"fold0_test_loss":0.5553369112312794,"_timestamp":1.747202433000704e+09,"_runtime":436.818122712,"_step":269,"_wandb":{"runtime":436},"fold0_train_loss":0.023359459033235906}