{"fold0_train_acc": 0.36787522456312266, "fold0_train_loss": 1.4202367067337036, "fold0_val_acc": 0.36779356524579454, "fold0_val_loss": 1.420693039894104, "fold0_tmp_test_acc": 0.3679568838804508, "fold0_tmp_test_loss": 1.4202167987823486, "_timestamp": 1745957906.1173656, "_runtime": 731.7027816772461, "_step": 451, "best_test_acc": 0.3679568838804508, "best_val_acc": 0.36779356524579454, "best_epoch": 314, "test_acc": 36.79405520169852, "val_acc": 36.780989710926015, "test_acc_std": 0.004899559039687196, "_wandb": {"runtime": 731}}