{"_runtime":59.911036528,"fold0_val_acc":0.4935489139310795,"_timestamp":1.7456886804893746e+09,"best_val_acc":0.4997550220480157,"fold0_train_loss":0.3569827079772949,"fold0_tmp_test_acc":0.5046545810877021,"fold0_train_acc":0.8783276171811204,"best_test_acc":0.5033480320104524,"fold0_val_loss":1.7579724788665771,"best_epoch":506,"_step":606,"_wandb":{"runtime":62},"fold0_tmp_test_loss":1.7206432819366455}