{"_wandb":{"runtime":37},"_step":144,"fold0_train_loss":0.03154594187159091,"fold0_test_loss":0.2767024636268616,"_timestamp":1.747299819300215e+09,"_runtime":37.776359513}