{"_step":211,"_wandb":{"runtime":350},"fold0_train_loss":0.09873448137193919,"fold0_test_loss":0.24114537917077541,"_timestamp":1.747299060408586e+09,"_runtime":350.539786158}