{"fold0_val_loss":0.12028910219669342,"fold0_train_acc":0.8306521136761165,"_step":1500,"_wandb":{"runtime":1821},"_runtime":1225.74495686,"fold0_tmp_test_loss":0.12371717393398285,"fold0_val_acc":0.7528760196041079,"fold0_train_loss":0.1069195419549942,"_timestamp":1.7460382858164601e+09,"best_test_acc":0.5296739388929808,"fold0_tmp_test_acc":0.7410402462197738,"best_val_acc":0.5187192675591269,"best_epoch":0}