{"fold0_test_loss":0.3766948196291924,"_timestamp":1.7470827437859445e+09,"_runtime":291.62446689,"_wandb":{"runtime":291},"_step":314,"fold0_train_loss":0.2013246786594391}