{"fold0_train_loss":0.17209798440337182,"fold0_test_loss":0.4343365080654621,"_wandb":{"runtime":99},"_timestamp":1.7470952283375874e+09,"_runtime":99.833396315,"_step":124}