{"fold0_train_loss":1.2308525916934014,"fold0_test_loss":0.5291591945290566,"_timestamp":1.7472947935192358e+09,"_runtime":4.88074832,"_step":0,"_wandb":{"runtime":4}}