{"fold0_train_acc": 0.36787522456312266, "fold0_train_loss": 1.410799264907837, "fold0_val_acc": 0.36779356524579454, "fold0_val_loss": 1.411555290222168, "fold0_tmp_test_acc": 0.3679568838804508, "fold0_tmp_test_loss": 1.411023736000061, "_timestamp": 1745957161.6333673, "_runtime": 711.4135591983795, "_step": 463, "best_test_acc": 0.3679568838804508, "best_val_acc": 0.36779356524579454, "best_epoch": 352, "test_acc": 36.79405520169852, "val_acc": 36.780989710926015, "test_acc_std": 0.004899559039687196, "_wandb": {"runtime": 711}}