{"_step":67,"_wandb":{"runtime":111},"fold0_train_loss":0.28135631695389746,"fold0_test_loss":0.6111772833764553,"_timestamp":1.7472008817602334e+09,"_runtime":111.671479974}