{"fold0_train_acc": 0.9264848645309328, "fold0_train_loss": 0.23863226175308228, "fold0_val_acc": 0.8035304501323919, "fold0_val_loss": 0.7667340636253357, "fold0_tmp_test_acc": 0.8081539004588775, "fold0_tmp_test_loss": 0.7738409638404846, "_timestamp": 1745737204.2151268, "_runtime": 45.32566785812378, "_step": 400, "best_test_acc": 0.7883868690434169, "best_val_acc": 0.7969991173874669, "best_epoch": 138, "test_acc": 76.00953053300388, "val_acc": 75.75286849073258, "test_acc_std": 4.263967142324611, "_wandb": {"runtime": 44}}