{"_step":178,"fold0_train_loss":0.005263763320399449,"fold0_test_loss":0.014463337075430899,"_timestamp":1.747069986491842e+09,"_runtime":24.5707487,"_wandb":{"runtime":24}}