{"fold0_train_acc":0.46956185165301423,"_wandb":{"runtime":134},"fold0_val_acc":0.4933458023772001,"fold0_tmp_test_loss":0.6054883599281311,"fold0_val_loss":0.6043979525566101,"_step":555,"_timestamp":1.7467318674782948e+09,"fold0_tmp_test_acc":0.47094322676277794,"fold0_train_loss":0.6044613122940063,"_runtime":134.65678477}