{"_runtime":244.820806514,"fold0_tmp_test_acc":0.9025767737380869,"fold0_val_loss":0.44494083523750305,"fold0_train_acc":0.9810255052510811,"_timestamp":1.7457268025862722e+09,"fold0_train_loss":0.06587012112140656,"best_epoch":299,"test_acc":90.55418284504059,"fold0_tmp_test_loss":0.40536120533943176,"_wandb":{"runtime":244},"best_test_acc":0.908930462407342,"fold0_val_acc":0.8992056487202118,"val_acc":90.34951456310681,"test_acc_std":0.7239502290600383,"_step":285,"best_val_acc":0.9076787290379523}