{"fold0_tmp_test_acc":0.8753971055418285,"best_test_acc":0.8685139428168019,"_wandb":{"runtime":39},"fold0_tmp_test_loss":0.5334707498550415,"_runtime":35.954080176,"fold0_train_acc":0.9629335451416469,"fold0_train_loss":0.11631982028484344,"fold0_val_acc":0.8714916151809355,"fold0_val_loss":0.5821412801742554,"best_val_acc":0.8674315975286849,"best_epoch":367,"_timestamp":1.7457664193401086e+09,"_step":467}