{"_timestamp":1.74572382632246e+09,"test_acc":90.21531944934699,"fold0_val_acc":0.9048543689320389,"test_acc_std":0.7319690248265797,"_wandb":{"runtime":217},"fold0_tmp_test_acc":0.9046946699611719,"best_test_acc":0.9094599364631133,"val_acc":90.0423654015887,"best_epoch":269,"fold0_train_acc":0.9775836201570912,"best_val_acc":0.9045013239187997,"_runtime":217.578917844,"fold0_tmp_test_loss":0.4395560324192047,"fold0_val_loss":0.4402301609516144,"_step":251,"fold0_train_loss":0.07833963632583618}