{"fold0_train_acc": 0.9953225664107316, "fold0_train_loss": 0.01918194256722927, "fold0_val_acc": 0.905207413945278, "fold0_val_loss": 0.48294442892074585, "fold0_tmp_test_acc": 0.9059301094246381, "fold0_tmp_test_loss": 0.4937848448753357, "_timestamp": 1745740103.0910842, "_runtime": 259.9499521255493, "_step": 307, "best_test_acc": 0.8870455347687963, "best_val_acc": 0.8875551632833186, "best_epoch": 96, "test_acc": 89.00458877515003, "val_acc": 89.05383936451896, "test_acc_std": 0.7993713989702715, "_wandb": {"runtime": 259}}