{"best_val_acc":0.9015004413062665,"fold0_tmp_test_acc":0.8978115072361454,"_wandb":{"runtime":198},"fold0_train_loss":0.045266468077898026,"val_acc":90.29479258605471,"fold0_train_acc":0.9879092754390609,"fold0_val_acc":0.9089143865842895,"test_acc_std":0.6366813913047137,"fold0_val_loss":0.4262000620365143,"fold0_tmp_test_loss":0.46498140692710876,"best_test_acc":0.899576420755383,"best_epoch":144,"test_acc":90.21884927638544,"_step":254,"_runtime":198.578515652,"_timestamp":1.7457676200198808e+09}