{"fold0_val_loss":0.12138968706130981,"_runtime":153.643299482,"fold0_tmp_test_acc":0.7266988217746573,"fold0_tmp_test_loss":0.13038556277751923,"fold0_val_acc":0.7544849880793632,"best_test_acc":0.7451407151548455,"_timestamp":1.7468527116211581e+09,"_step":657,"fold0_train_loss":0.08427618443965912,"best_val_acc":0.7645830663457043,"_wandb":{"runtime":155},"fold0_train_acc":0.9034513274336284,"best_epoch":457}