{"fold0_train_acc": 0.9965581149060101, "fold0_train_loss": 0.014759640209376812, "fold0_val_acc": 0.9023830538393646, "fold0_val_loss": 0.5641763806343079, "fold0_tmp_test_acc": 0.9032827391457818, "fold0_tmp_test_loss": 0.5396752953529358, "_timestamp": 1745753742.306924, "_runtime": 198.36729311943054, "_step": 319, "best_test_acc": 0.8847511471937876, "best_val_acc": 0.888261253309797, "best_epoch": 89, "test_acc": 88.88986939639958, "val_acc": 88.94263018534862, "test_acc_std": 1.2128757423872607, "_wandb": {"runtime": 197}}