{"fold0_tmp_test_loss":2.024752616882324,"fold0_val_acc":0.522129674995917,"best_test_acc":0.5237628613424792,"test_acc":52.359954270782296,"fold0_train_loss":0.07060389220714569,"_runtime":4796.011881569,"best_epoch":827,"val_acc":52.93973542381186,"fold0_tmp_test_acc":0.530458925363384,"_step":3009,"test_acc_std":0.5327292644226699,"_wandb":{"runtime":4796},"_timestamp":1.745872463936115e+09,"fold0_val_loss":2.0710489749908447,"best_val_acc":0.5191899395721051,"fold0_train_acc":0.9920790462191736}