{"fold0_tmp_test_acc":0.6261564999999999,"fold0_tmp_test_loss":0.4911734163761139,"_wandb":{"runtime":3},"_runtime":3.149621619,"_step":8,"fold0_val_acc":0.6402975,"fold0_train_loss":0.4908740222454071,"_timestamp":1.7458941892826521e+09,"fold0_val_loss":0.4904015362262726,"fold0_train_acc":0.63320675}