{"fold0_train_acc":0.926833251674016,"_timestamp":1.7459370018502493e+09,"best_test_acc":0.5222929936305732,"_runtime":100.159040899,"_step":621,"best_epoch":521,"best_val_acc":0.5188633023027928,"fold0_tmp_test_acc":0.5209864445533235,"fold0_tmp_test_loss":-2.841590166091919,"fold0_train_loss":-4.990485191345215,"fold0_val_acc":0.5151069737056998,"_wandb":{"runtime":105},"fold0_val_loss":-2.690032720565796}