{"val_acc":87.1608040201005,"best_val_acc":0.8680904522613065,"_wandb":{"runtime":97},"fold0_train_acc":0.9941275167785235,"fold0_val_acc":0.8542713567839196,"_step":283,"fold0_tmp_test_loss":1.1169346570968628,"best_epoch":49,"fold0_train_loss":0.016774320974946022,"test_acc_std":1.177363286786946,"fold0_val_loss":0.9684978127479553,"fold0_tmp_test_acc":0.8209255533199196,"_timestamp":1.7471963541951454e+09,"test_acc":85.63380281690142,"_runtime":97.901418611,"best_test_acc":0.8511066398390342}