{"_wandb":{"runtime":135},"_step":81,"fold0_train_loss":0.11337255343794822,"fold0_test_loss":0.6390690052509308,"_timestamp":1.7472018624515738e+09,"_runtime":135.564871791}