{"fold0_val_acc":0.4612118242691491,"_timestamp":1.745847480853887e+09,"_step":690,"fold0_train_acc":0.9439000489955904,"best_test_acc":0.4643148783276172,"fold0_tmp_test_loss":2.1072630882263184,"test_acc":46.1734443900049,"test_acc_std":1.4532018326299956,"fold0_train_loss":0.2253941297531128,"_wandb":{"runtime":463},"val_acc":46.66013392128042,"fold0_val_loss":2.071068048477173,"best_epoch":378,"best_val_acc":0.466438020578148,"_runtime":463.169470584,"fold0_tmp_test_acc":0.4646415155969296}