{"_runtime":522.763274475,"best_epoch":452,"_wandb":{"runtime":554},"fold0_val_acc":0.5121672382818879,"_timestamp":1.7459397115454032e+09,"best_test_acc":0.5216397190919484,"fold0_tmp_test_loss":1.8787680864334106,"best_val_acc":0.5314388371713212,"fold0_val_loss":1.9038910865783691,"fold0_tmp_test_acc":0.5208231259186673,"fold0_train_acc":0.9650498121835701,"fold0_train_loss":0.16247524321079254,"_step":834}