{"fold0_train_acc": 0.9922336951725356, "fold0_train_loss": 0.03574584424495697, "fold0_val_acc": 0.8707855251544572, "fold0_val_loss": 0.5539222955703735, "fold0_tmp_test_acc": 0.8711613130956584, "fold0_tmp_test_loss": 0.5502151846885681, "_timestamp": 1745735970.585289, "_runtime": 388.27314496040344, "_step": 430, "best_test_acc": 0.6754324038122133, "best_val_acc": 0.6822594880847308, "best_epoch": 39, "test_acc": 76.3430991881398, "val_acc": 76.05119152691968, "test_acc_std": 9.046138921232659, "_wandb": {"runtime": 387}}