{"_timestamp":1.7457228686481416e+09,"test_acc_std":0.8515300784579041,"test_acc":90.0564772326156,"fold0_train_loss":0.04172052815556526,"best_val_acc":0.8914386584289496,"best_test_acc":0.8911048358630427,"_step":311,"val_acc":90.0353045013239,"best_epoch":159,"fold0_tmp_test_loss":0.4065530002117157,"_runtime":212.10233727,"fold0_train_acc":0.9891448239343394,"fold0_val_acc":0.9133274492497794,"fold0_val_loss":0.41135549545288086,"_wandb":{"runtime":212},"fold0_tmp_test_acc":0.9105188845746558}