{"fold0_train_acc": 0.9561380284176154, "fold0_train_loss": 0.14908206462860107, "fold0_val_acc": 0.7922330097087379, "fold0_val_loss": 0.9447697401046753, "fold0_tmp_test_acc": 0.7922696787857395, "fold0_tmp_test_loss": 0.9554361701011658, "_timestamp": 1745745056.2072005, "_runtime": 36.97788143157959, "_step": 348, "best_test_acc": 0.7989763501588422, "best_val_acc": 0.8081200353045013, "best_epoch": 97, "test_acc": 74.42287327920933, "val_acc": 74.31774051191528, "test_acc_std": 4.817106992111359, "_wandb": {"runtime": 36}}