{"_step":0,"_wandb":{"runtime":66},"fold0_train_loss":4.051440924358368,"fold0_test_loss":0,"_timestamp":1.7472923234594908e+09,"_runtime":66.809420496}