{"_runtime":3250.785135139,"fold0_test_loss":0.004542052756296471,"fold0_train_loss":0.0006602159128306084,"test_loss_std":0.000578662871520926,"train_loss":0.00041478186560470925,"test_loss":0.000994748250090197,"best_epoch":435,"_wandb":{"runtime":3250},"best_test_loss":0.0007726708975678776,"_step":509,"_timestamp":1.7470525986455805e+09,"best_train_loss":0.0005167911672106129}