{"fold0_train_acc": 0.9436942900008826, "fold0_train_loss": 0.19284646213054657, "fold0_val_acc": 0.8644307149161518, "fold0_val_loss": 0.5232970118522644, "fold0_tmp_test_acc": 0.8667490292975644, "fold0_tmp_test_loss": 0.495567262172699, "_timestamp": 1745750540.7297425, "_runtime": 460.02246046066284, "_step": 488, "best_test_acc": 0.6505471231909636, "best_val_acc": 0.6533097969991174, "best_epoch": 225, "test_acc": 81.10660077656195, "val_acc": 80.88084730803178, "test_acc_std": 8.130507584699446, "_wandb": {"runtime": 459}}