{"_runtime":85.676800805,"_step":50,"fold0_train_loss":0.2070979955047369,"fold0_test_loss":0.83391138702631,"_wandb":{"runtime":85},"_timestamp":1.7472090983801064e+09}