{"test_acc_std":0.8494280534578961,"_step":916,"fold0_val_acc":0.5110240078392945,"fold0_val_loss":1.936816692352295,"val_acc":51.610321737710265,"fold0_train_acc":0.9460231912461212,"fold0_train_loss":0.20233674347400665,"_timestamp":1.7456967504366395e+09,"best_val_acc":0.5059611301649518,"fold0_tmp_test_acc":0.522129674995917,"best_epoch":434,"_wandb":{"runtime":1195},"best_test_acc":0.5004082965866405,"fold0_tmp_test_loss":1.893607497215271,"test_acc":51.215090641842245,"_runtime":1195.548021148}