{"_runtime":99.755336346,"_step":62,"fold0_train_loss":0.16054390467703342,"_wandb":{"runtime":99},"fold0_test_loss":0.8084324824810029,"_timestamp":1.7472019785053532e+09}