{"fold0_train_acc":0.99984525,"fold0_train_loss":0.02835247665643692,"_runtime":969.054189663,"_wandb":{"runtime":1008},"fold0_val_acc":0.984402,"fold0_tmp_test_acc":0.9856210000000001,"_step":1602,"best_epoch":1374,"_timestamp":1.7466740938502908e+09,"fold0_val_loss":0.12932594120502472,"best_test_acc":0.9886389999999999,"best_val_acc":0.990848,"fold0_tmp_test_loss":0.12452231347560883}