{"fold0_tmp_test_acc":0.2678425608361914,"fold0_val_acc":0.2678425608361914,"_step":64,"fold0_train_acc":0.2678425608361914,"_wandb":{"runtime":25},"fold0_val_loss":NaN,"fold0_tmp_test_loss":NaN,"fold0_train_loss":NaN,"_timestamp":1.7459375349704294e+09,"_runtime":25.639127971}