{"fold0_tmp_test_loss":1.842523217201233,"fold0_train_acc":0.8854319777886657,"_step":552,"best_val_acc":0.5115139637432631,"best_test_acc":0.5044912624530459,"best_epoch":452,"fold0_val_acc":0.5062877674342643,"_runtime":91.812255479,"fold0_tmp_test_acc":0.5120039196472318,"fold0_train_loss":0.3397364914417267,"fold0_val_loss":1.8481385707855225,"_timestamp":1.7456998944949772e+09,"_wandb":{"runtime":93}}