{"_step":79,"fold0_train_loss":0.4173740682005882,"fold0_test_loss":0.4909604047238827,"_timestamp":1.7472079699053013e+09,"_runtime":132.612187627,"_wandb":{"runtime":132}}