{"fold0_tmp_test_acc":0.5013882083945779,"fold0_train_loss":0.1719423234462738,"_step":756,"best_test_acc":0.5080842724154826,"fold0_val_loss":2.283588409423828,"best_val_acc":0.515270292340356,"best_epoch":656,"fold0_val_acc":0.49714192389351625,"_wandb":{"runtime":118},"fold0_train_acc":0.9544341009309162,"_runtime":114.276214071,"_timestamp":1.7456928454363134e+09,"fold0_tmp_test_loss":2.2448465824127197}