{"fold0_train_acc": 0.86647250904598, "fold0_train_loss": 0.36092108488082886, "fold0_val_acc": 0.7440423654015887, "fold0_val_loss": 0.8957769870758057, "fold0_tmp_test_acc": 0.7435580656547829, "fold0_tmp_test_loss": 0.8942697048187256, "_timestamp": 1745751357.9563484, "_runtime": 275.04328441619873, "_step": 386, "best_test_acc": 0.7439110483586304, "best_val_acc": 0.7502206531332745, "best_epoch": 159, "test_acc": 74.46699611719026, "val_acc": 74.42718446601941, "test_acc_std": 0.4232150746570982, "_wandb": {"runtime": 274}}