{"best_test_acc":0.5257226849583537,"best_epoch":1070,"_timestamp":1.7469465942662919e+09,"fold0_train_acc":0.9896292666993304,"best_val_acc":0.5325820676139148,"fold0_train_loss":0.05859868973493576,"fold0_val_acc":0.522129674995917,"_wandb":{"runtime":266},"fold0_tmp_test_acc":0.5235995427078229,"fold0_tmp_test_loss":2.5148704051971436,"_step":1570,"_runtime":255.760553598,"fold0_val_loss":2.488502025604248}