{"fold0_train_loss":0.038184747099876404,"best_val_acc":0.8826125330979699,"fold0_tmp_test_loss":0.5147048234939575,"fold0_val_loss":0.4646821916103363,"fold0_tmp_test_acc":0.8979879985880692,"_step":178,"best_test_acc":0.8805153547476173,"_timestamp":1.7457175412964776e+09,"fold0_val_acc":0.9041482789055605,"best_epoch":78,"fold0_train_acc":0.9889683170064425,"_runtime":11.842274822,"_wandb":{"runtime":18}}