{"fold0_train_loss":0.27364233136177063,"_runtime":120.675627535,"fold0_val_acc":0.5023681202025151,"fold0_tmp_test_loss":1.9264905452728271,"_wandb":{"runtime":133},"fold0_train_acc":0.9064184223419892,"fold0_val_loss":1.934887409210205,"fold0_tmp_test_acc":0.5173934345908868,"best_test_acc":0.5116772823779193,"best_epoch":628,"best_val_acc":0.5095541401273885,"_timestamp":1.7457002373650823e+09,"_step":728}