{"best_val_acc":0.9293909973521624,"test_acc":92.40204729968232,"_runtime":843.66634395,"fold0_train_acc":1,"_step":1013,"fold0_tmp_test_acc":0.9228732792093187,"val_acc":92.66195939982349,"best_test_acc":0.9262266148958701,"_timestamp":1.7469858273228045e+09,"test_acc_std":0.5220833755326422,"fold0_tmp_test_loss":0.4355255365371704,"fold0_val_acc":0.9223300970873787,"fold0_val_loss":0.4428478181362152,"best_epoch":666,"_wandb":{"runtime":843},"fold0_train_loss":0.0013334252871572971}