{"_wandb":{"runtime":26},"fold0_train_loss":NaN,"fold0_test_loss":NaN,"_timestamp":1.7472992166442363e+09,"_runtime":26.605731466,"_step":9}