{"_timestamp":1.7457670433720896e+09,"fold0_tmp_test_acc":0.8482174373455701,"_wandb":{"runtime":217},"best_epoch":429,"_runtime":158.716302343,"best_test_acc":0.8369219908224497,"fold0_val_loss":0.5144374370574951,"fold0_train_loss":0.17107722163200378,"fold0_val_acc":0.8496028243601059,"best_val_acc":0.8252427184466019,"fold0_tmp_test_loss":0.5127936601638794,"fold0_train_acc":0.9466066543111817,"_step":835}