{"fold0_tmp_test_loss":0.18410103023052216,"_wandb":{"runtime":2450},"_timestamp":1.7460502280865045e+09,"best_val_acc":0.7643730553198367,"_step":2999,"fold0_train_loss":0.04777875915169716,"fold0_train_acc":0.9830381460379035,"fold0_val_loss":0.18713991343975067,"_runtime":2338.717487916,"best_test_acc":0.7587148962501357,"fold0_val_acc":0.7174200624606735,"fold0_tmp_test_acc":0.7210011798415641,"best_epoch":980}