{"fold0_val_loss":1.810106873512268,"_wandb":{"runtime":250},"fold0_tmp_test_acc":0.5004082965866405,"fold0_train_acc":0.8741629919973869,"_runtime":243.572470486,"best_epoch":466,"best_val_acc":0.49877511024007837,"fold0_val_acc":0.4899559039686428,"_timestamp":1.7459401837967107e+09,"best_test_acc":0.5007349338559529,"_step":566,"fold0_train_loss":0.3501671254634857,"fold0_tmp_test_loss":1.7794291973114014}