{"fold0_train_loss":0.1879576065391302,"fold0_test_loss":0.7256267315149307,"_timestamp":1.7471991149035032e+09,"_runtime":74.540880148,"_step":44,"_wandb":{"runtime":74}}