{"_step":109,"fold0_train_acc":0.36885513637105993,"fold0_train_loss":1.3903956413269043,"fold0_tmp_test_acc":0.36812020251510696,"_wandb":{"runtime":74},"fold0_tmp_test_loss":1.397800326347351,"_runtime":67.884645437,"best_epoch":502,"_timestamp":1.7456170338961964e+09,"best_test_acc":0.47885023681202027,"fold0_val_acc":0.3674669279764821,"best_val_acc":0.4948554630083293,"fold0_val_loss":1.3962395191192627}