{"_step":57,"_timestamp":1.745937497338655e+09,"fold0_tmp_test_acc":0.2678425608361914,"fold0_val_loss":NaN,"fold0_train_loss":NaN,"fold0_val_acc":0.2678425608361914,"_runtime":22.556659906,"_wandb":{"runtime":22},"fold0_tmp_test_loss":NaN,"fold0_train_acc":0.2678425608361914}