{"fold0_train_acc": 0.9831435883858441, "fold0_train_loss": 0.06369349360466003, "fold0_val_acc": 0.8942630185348632, "fold0_val_loss": 0.4767652750015259, "fold0_tmp_test_acc": 0.8933992234380516, "fold0_tmp_test_loss": 0.5006728768348694, "_timestamp": 1745752347.180035, "_runtime": 245.6492772102356, "_step": 467, "best_test_acc": 0.7017296152488528, "best_val_acc": 0.7105030891438658, "best_epoch": 28, "test_acc": 85.86657253794563, "val_acc": 85.81641659311563, "test_acc_std": 5.311948739399627, "_wandb": {"runtime": 245}}