{"fold0_val_loss":0.467928022146225,"test_acc":90.47476173667489,"_timestamp":1.7457288222618115e+09,"best_val_acc":0.9138570167696382,"_wandb":{"runtime":244},"fold0_train_acc":0.9853499249845556,"fold0_tmp_test_acc":0.9062830921284857,"_runtime":244.004143604,"val_acc":90.3477493380406,"best_epoch":379,"_step":360,"fold0_val_acc":0.9085613415710503,"best_test_acc":0.9174020472996823,"test_acc_std":0.6703442661986686,"fold0_train_loss":0.05087856203317642,"fold0_tmp_test_loss":0.4768739938735962}