{"best_epoch":193,"_runtime":220.889585727,"fold0_tmp_test_acc":0.9022237910342393,"best_test_acc":0.898870455347688,"_wandb":{"runtime":220},"_step":229,"fold0_train_loss":0.06356260925531387,"fold0_train_acc":0.9826140676021534,"test_acc":90.15884221673136,"best_val_acc":0.9002647837599294,"_timestamp":1.7457226402037616e+09,"fold0_tmp_test_loss":0.40478286147117615,"fold0_val_acc":0.9078552515445719,"test_acc_std":0.7117307821322172,"fold0_val_loss":0.4072996973991394,"val_acc":90.24007060900263}