{"fold0_val_acc":0.9073256840247131,"_wandb":{"runtime":230},"best_epoch":232,"test_acc":90.28062124955879,"fold0_val_loss":0.4342467486858368,"best_test_acc":0.908224496999647,"_step":450,"fold0_train_acc":0.9872915011914217,"fold0_tmp_test_loss":0.4505370557308197,"val_acc":90.07943512797881,"_runtime":230.767977405,"best_val_acc":0.906972639011474,"fold0_train_loss":0.05422518774867058,"_timestamp":1.7457315749715958e+09,"test_acc_std":0.3601504858986959,"fold0_tmp_test_acc":0.9059301094246381}