{"best_epoch":134,"fold0_val_acc":0.9062665489849956,"val_acc":89.84995586937336,"best_test_acc":0.893046240734204,"_step":234,"fold0_train_acc":0.9863207130879887,"_wandb":{"runtime":227},"test_acc":90.01058948111542,"test_acc_std":0.6995383403673299,"_runtime":227.369067569,"fold0_tmp_test_loss":0.4168025553226471,"fold0_val_loss":0.4127950072288513,"best_val_acc":0.8969108561341571,"fold0_tmp_test_acc":0.9034592304977056,"_timestamp":1.7457194700608268e+09,"fold0_train_loss":0.050692055374383926}