{"_runtime":101.798070934,"fold0_train_loss":0.06393346190452576,"best_test_acc":0.8524532297917402,"fold0_val_acc":0.8607237422771403,"fold0_val_loss":0.6114345788955688,"fold0_train_acc":0.982172800282411,"fold0_tmp_test_loss":0.5922559499740601,"val_acc":84.75022065313328,"best_epoch":126,"test_acc":84.68231556653724,"_wandb":{"runtime":101},"_step":219,"_timestamp":1.7457019055430038e+09,"fold0_tmp_test_acc":0.859159901164843,"best_val_acc":0.8536628420123565,"test_acc_std":0.8152849847431642}