{"fold0_train_acc": 0.9781131409407819, "fold0_train_loss": 0.08532921969890594, "fold0_val_acc": 0.8681376875551633, "fold0_val_loss": 0.5892206430435181, "fold0_tmp_test_acc": 0.8674549947052594, "fold0_tmp_test_loss": 0.6136549711227417, "_timestamp": 1745752900.7458143, "_runtime": 251.1392502784729, "_step": 768, "best_test_acc": 0.8263325097070243, "best_val_acc": 0.8314210061782877, "best_epoch": 454, "test_acc": 75.19414048711613, "val_acc": 74.83495145631068, "test_acc_std": 9.546209048979353, "_wandb": {"runtime": 250}}