{"_step":306,"best_epoch":206,"fold0_val_loss":1.7542804479599,"best_test_acc":0.43312101910828027,"_runtime":37.752886104,"fold0_tmp_test_loss":1.7363072633743286,"fold0_train_loss":0.5414161086082458,"fold0_val_acc":0.4177690674505961,"fold0_tmp_test_acc":0.4309978768577495,"_timestamp":1.7458467952461016e+09,"_wandb":{"runtime":45},"best_val_acc":0.42756818552996895,"fold0_train_acc":0.8098154499428385}