{"fold0_val_loss":1.9842674732208252,"fold0_train_acc":0.9129511677282378,"_step":507,"_runtime":686.034594297,"fold0_tmp_test_acc":0.5069410419728891,"test_acc_std":1.0048821865432866,"val_acc":50.47852359954271,"fold0_val_acc":0.509880777396701,"best_epoch":336,"best_val_acc":0.5084109096847951,"fold0_tmp_test_loss":1.9895765781402588,"best_test_acc":0.5097174587620448,"_wandb":{"runtime":686},"fold0_train_loss":0.25320589542388916,"_timestamp":1.7456907946053693e+09,"test_acc":49.99673362730688}