{"_wandb":{"runtime":49},"_step":176,"_timestamp":1.7459233555411587e+09,"fold0_val_loss":0.5004024505615234,"fold0_tmp_test_loss":0.5004024505615234,"_runtime":49.757150375,"fold0_tmp_test_acc":0.5,"fold0_train_acc":0.5,"fold0_train_loss":0.5004024505615234,"fold0_val_acc":0.5}