{"fold0_train_loss":0.0562646268773824,"fold0_test_loss":0.08248652425128966,"_timestamp":1.7470473412298095e+09,"_runtime":167.864577511,"_wandb":{"runtime":167},"_step":93}