{"fold0_test_loss":0.3172963047772646,"_timestamp":1.7472983516991096e+09,"_runtime":208.616792514,"_wandb":{"runtime":208},"_step":91,"fold0_train_loss":0.05053136839531362}