{"fold0_val_loss":1.282200574874878,"fold0_tmp_test_acc":0.4850563449289564,"fold0_tmp_test_loss":1.265771508216858,"_timestamp":1.74595408048576e+09,"fold0_train_loss":0.8911129832267761,"best_val_acc":0.4808100604278948,"_wandb":{"runtime":210},"fold0_train_acc":0.6320431161195492,"_runtime":204.135699329,"best_test_acc":0.48603625673689366,"_step":1262,"fold0_val_acc":0.47444063367630246,"best_epoch":1162}