{"fold0_train_loss":0.034621619563549755,"fold0_test_loss":0.5681279073655605,"_timestamp":1.74719861940969e+09,"_wandb":{"runtime":628},"_runtime":628.590780492,"_step":375}