{"_runtime":21.971890661,"_wandb":{"runtime":24},"fold0_train_loss":0.1132633164525032,"fold0_val_loss":0.537272036075592,"fold0_train_acc":0.9661989233077398,"fold0_tmp_test_acc":0.8683374514648782,"best_val_acc":0.8605472197705207,"fold0_val_acc":0.8660194174757282,"fold0_tmp_test_loss":0.5409494638442993,"best_test_acc":0.8582774444052241,"_step":319,"_timestamp":1.7457080966712174e+09,"best_epoch":219}