{"test_acc":90.07059654076951,"fold0_tmp_test_acc":0.9045181786092481,"best_epoch":259,"fold0_train_loss":0.04307609423995018,"best_val_acc":0.9016769638128861,"fold0_train_acc":0.9884387962227518,"_runtime":251.363373664,"fold0_tmp_test_loss":0.4588864743709564,"best_test_acc":0.9061066007765619,"fold0_val_loss":0.47315624356269836,"test_acc_std":0.8177932047853655,"_timestamp":1.7457190228644457e+09,"_wandb":{"runtime":251},"_step":435,"fold0_val_acc":0.9122683142100618,"val_acc":89.8693733451015}