{"fold0_tmp_test_loss":2.1201295852661133,"fold0_train_loss":0.10133696347475052,"fold0_val_acc":0.5108606892046382,"_runtime":1386.099124099,"test_acc_std":2.923469252019863,"val_acc":51.28858402743752,"fold0_val_loss":2.1351733207702637,"_step":1092,"_timestamp":1.745852880174103e+09,"fold0_train_acc":0.9791768740813327,"best_val_acc":0.4149926506614405,"fold0_tmp_test_acc":0.5213130818226359,"best_test_acc":0.4220153519516577,"_wandb":{"runtime":1386},"test_acc":50.785562632696404,"best_epoch":125}