{"_runtime":333.325335053,"fold0_val_loss":0.39787009358406067,"fold0_train_loss":0.02606246992945671,"_timestamp":1.7458435980415769e+09,"fold0_tmp_test_loss":0.3891558349132538,"fold0_tmp_test_acc":0.9251676667843276,"fold0_val_acc":0.9214474845542807,"_wandb":{"runtime":389},"best_test_acc":0.922696787857395,"best_val_acc":0.9184466019417475,"best_epoch":695,"_step":1501,"fold0_train_acc":0.9942635248433501}