{"_wandb":{"runtime":197},"fold0_val_acc":0.8688437775816417,"_timestamp":1.7457029351220486e+09,"_step":270,"fold0_tmp_test_acc":0.8641016590187081,"fold0_tmp_test_loss":0.49953126907348633,"_runtime":197.052033119,"test_acc":86.15778326861985,"test_acc_std":0.5464424217378023,"val_acc":85.99823477493379,"fold0_train_acc":0.9713176242167505,"best_epoch":255,"fold0_train_loss":0.10605646669864655,"fold0_val_loss":0.4893553853034973,"best_val_acc":0.8637246248896734,"best_test_acc":0.8656900811860219}