{"_wandb":{"runtime":700},"fold0_train_acc":0.9999795,"_runtime":686.879692132,"best_test_acc":0.985938,"fold0_val_loss":0.15990428626537323,"fold0_tmp_test_acc":0.9775969999999999,"fold0_train_loss":0.01755562052130699,"_step":1833,"fold0_val_acc":0.977595,"best_epoch":1444,"best_val_acc":0.9875030000000001,"_timestamp":1.746665548026073e+09,"fold0_tmp_test_loss":0.1628120392560959}