{"fold0_test_loss":0.00815702781372238,"best_epoch":481,"best_train_loss":0.0005252843475318514,"best_test_loss":0.004111788030859316,"_timestamp":1.7471897165938525e+09,"fold0_train_loss":0.003561993917392101,"_runtime":373.985245809,"_step":504,"_wandb":{"runtime":425}}