{"fold0_train_acc": 0.9981466772570824, "fold0_train_loss": 0.011589066125452518, "fold0_val_acc": 0.906090026478376, "fold0_val_loss": 0.518669605255127, "fold0_tmp_test_acc": 0.9080480056477233, "fold0_tmp_test_loss": 0.5364712476730347, "_timestamp": 1745751620.7775054, "_runtime": 176.67534828186035, "_step": 278, "best_test_acc": 0.892340275326509, "best_val_acc": 0.8940864960282436, "best_epoch": 68, "test_acc": 89.04165195905401, "val_acc": 89.03089143865843, "test_acc_std": 0.6148615232370617, "_wandb": {"runtime": 176}}