{"_step":714,"fold0_tmp_test_loss":1.8643757104873657,"best_test_acc":0.49910174750939085,"best_val_acc":0.49877511024007837,"_wandb":{"runtime":402},"fold0_train_loss":0.22379572689533234,"fold0_val_acc":0.5157602482443246,"fold0_val_loss":1.8533320426940918,"_runtime":383.329872528,"best_epoch":422,"fold0_tmp_test_acc":0.5169034786869182,"_timestamp":1.745875443979114e+09,"fold0_train_acc":0.9385105340519353}