{"_timestamp":1.747185216393089e+09,"_runtime":151.903299805,"_step":69,"_wandb":{"runtime":151},"fold0_train_loss":0.15850967501290142,"fold0_test_loss":0.4943868595547974}