{"_wandb":{"runtime":25},"fold0_val_loss":0.43960705399513245,"fold0_tmp_test_acc":0.8799858806918461,"best_val_acc":0.8840247131509268,"_step":325,"best_test_acc":0.8748676314860572,"fold0_val_acc":0.8859664607237423,"_timestamp":1.7457181384817595e+09,"fold0_train_acc":0.9415762068661195,"fold0_train_loss":0.19271941483020782,"fold0_tmp_test_loss":0.44129839539527893,"_runtime":17.454611877,"best_epoch":225}