{"_timestamp":1.745973587437322e+09,"_wandb":{"runtime":2498},"fold0_train_acc":0.7726977337031693,"fold0_val_loss":0.4669153690338135,"best_epoch":1260,"_step":831,"_runtime":2217.718762564,"fold0_tmp_test_acc":0.7515739001000463,"fold0_tmp_test_loss":0.47990238666534424,"best_test_acc":0.824220709326002,"fold0_val_acc":0.7758696770847334,"fold0_train_loss":0.4682312607765198,"best_val_acc":0.8234685523191163}