{"_step":103,"_wandb":{"runtime":37},"_runtime":29.830205859,"fold0_val_loss":1.4042307138442993,"fold0_tmp_test_loss":1.4034254550933838,"fold0_tmp_test_acc":0.3679568838804508,"best_epoch":3,"fold0_train_loss":1.4033187627792358,"best_test_acc":0.3674669279764821,"best_val_acc":0.3679568838804508,"fold0_train_acc":0.36787522456312266,"fold0_val_acc":0.36779356524579454,"_timestamp":1.7460280303663282e+09}