{"_step":509,"_timestamp":1.7470650135270524e+09,"best_epoch":336,"fold0_test_loss":0.03573876878246665,"_runtime":642.759779613,"test_loss_std":0.010072184306432946,"fold0_train_loss":0.0038231345103122293,"_wandb":{"runtime":642},"train_loss":0.0010632973657520779,"test_loss":0.04288021123319777,"best_train_loss":0.0009254102961858735,"best_test_loss":0.04365261822676984}