{"best_test_acc":0.7471246268260415,"best_epoch":599,"fold0_tmp_test_acc":0.7261924827237485,"_timestamp":1.7467320226354606e+09,"fold0_train_acc":0.8753759474452891,"fold0_val_loss":0.12022119015455246,"_step":799,"fold0_train_loss":0.09269189089536667,"best_val_acc":0.7662624618279849,"_runtime":141.177612522,"_wandb":{"runtime":155},"fold0_val_acc":0.7563588082826778,"fold0_tmp_test_loss":0.12658096849918365}