{"fold0_train_acc": 0.9973523960815462, "fold0_train_loss": 0.012230120599269867, "fold0_val_acc": 0.8926743159752869, "fold0_val_loss": 0.594273567199707, "fold0_tmp_test_acc": 0.8914578185668902, "fold0_tmp_test_loss": 0.5573480725288391, "_timestamp": 1745747443.6216223, "_runtime": 113.20573925971985, "_step": 275, "best_test_acc": 0.8822802682668549, "best_val_acc": 0.8854368932038835, "best_epoch": 78, "test_acc": 87.92093187433817, "val_acc": 87.92233009708738, "test_acc_std": 0.7046493203733971, "_wandb": {"runtime": 112}}