{"best_val_acc":0.5231095868038543,"_timestamp":1.7469390259264064e+09,"best_test_acc":0.5299689694594153,"fold0_train_loss":0.07466964423656464,"fold0_tmp_test_loss":2.117103338241577,"fold0_train_acc":0.986281234688878,"_wandb":{"runtime":521},"fold0_tmp_test_acc":0.5262126408623224,"_runtime":483.890878892,"fold0_val_acc":0.515270292340356,"_step":2999,"best_epoch":2800,"fold0_val_loss":2.1548941135406494}