{"fold0_val_acc":0.7624150690704212,"_wandb":{"runtime":823},"_runtime":823.577147443,"fold0_train_loss":0.0867190733551979,"_step":1731,"fold0_val_loss":0.12339991331100464,"fold0_train_acc":0.9135604315674627,"fold0_tmp_test_loss":0.12497153133153915,"fold0_tmp_test_acc":0.762331884121549,"_timestamp":1.7460452838953445e+09}