{"_timestamp":1.7471935867593126e+09,"_runtime":30.577795808,"_step":119,"_wandb":{"runtime":30},"fold0_train_loss":0.005223880692792591,"fold0_test_loss":0.0066035652701975775}