{"fold0_train_acc": 0.5726767924220153, "fold0_train_loss": 1.02264404296875, "fold0_val_acc": 0.4610485056344929, "fold0_val_loss": 1.3011056184768677, "fold0_tmp_test_acc": 0.46039523109586805, "fold0_tmp_test_loss": 1.2888447046279907, "_timestamp": 1745961443.420578, "_runtime": 2169.156735897064, "_step": 1459, "best_test_acc": 0.4602319124612118, "best_val_acc": 0.46366160378899235, "best_epoch": 1271, "test_acc": 45.71941858566063, "val_acc": 45.60346235505472, "test_acc_std": 0.4472784282584451, "_wandb": {"runtime": 2168}}