{"_step":25,"_wandb":{"runtime":61},"fold0_train_loss":0.05588584832847118,"fold0_test_loss":0.02765136550180614,"_timestamp":1.7470474088849835e+09,"_runtime":61.831296797}