{"fold0_train_acc": 0.9540199452828524, "fold0_train_loss": 0.15217988193035126, "fold0_val_acc": 0.8443071491615181, "fold0_val_loss": 0.5776304602622986, "fold0_tmp_test_acc": 0.8399223438051535, "fold0_tmp_test_loss": 0.5761092901229858, "_timestamp": 1745733891.592315, "_runtime": 92.86224603652954, "_step": 452, "best_test_acc": 0.8198023296858454, "best_val_acc": 0.8263018534863195, "best_epoch": 187, "test_acc": 83.16978468055065, "val_acc": 83.17210944395411, "test_acc_std": 1.12955016765332, "_wandb": {"runtime": 92}}