{"_runtime":281.55701567,"_step":328,"fold0_train_loss":0.02349293537437916,"fold0_test_loss":0.45072740733623506,"_timestamp":1.7470869489227574e+09,"_wandb":{"runtime":281}}