{"fold0_train_acc":0.9998855,"val_acc":98.99839,"best_epoch":1551,"best_test_acc":0.9913209999999999,"fold0_val_loss":0.1341007798910141,"_step":1627,"_timestamp":1.7466767357298932e+09,"_runtime":2120.16739502,"best_val_acc":0.989726,"fold0_tmp_test_acc":0.9863109999999999,"fold0_train_loss":0.02892925590276718,"test_acc_std":0.29305007012454404,"fold0_val_acc":0.983752,"test_acc":98.97641999999998,"_wandb":{"runtime":2120},"fold0_tmp_test_loss":0.1221127137541771}