{"fold0_tmp_test_acc":0.5013882083945779,"best_epoch":673,"_wandb":{"runtime":171},"fold0_tmp_test_loss":1.8469254970550537,"best_val_acc":0.5018781642985465,"_step":873,"fold0_train_loss":0.22320471704006195,"_timestamp":1.7466460918332143e+09,"best_test_acc":0.505307855626327,"fold0_val_acc":0.4955087375469541,"_runtime":139.707667965,"fold0_train_acc":0.9361424138494202,"fold0_val_loss":1.8347984552383423}