{"_step":185,"_wandb":{"runtime":151},"fold0_train_loss":0.2694359529018402,"fold0_test_loss":0.77594850897789,"_timestamp":1.7470906580525224e+09,"_runtime":151.829570791}