{"fold0_tmp_test_loss":0.16320346295833588,"val_acc":97.08579,"_step":713,"fold0_val_loss":0.17773430049419403,"_timestamp":1.7458976822999415e+09,"fold0_train_acc":0.9861407499999999,"fold0_train_loss":0.13356363773345947,"_wandb":{"runtime":820},"fold0_tmp_test_acc":0.97621,"best_val_acc":0.968378,"_runtime":820.477160877,"test_acc_std":0.533454708949128,"fold0_val_acc":0.9703829999999999,"best_epoch":399,"best_test_acc":0.973093,"test_acc":97.01865000000002}