{"fold0_train_acc": 0.8612655546730209, "fold0_train_loss": 0.4504662752151489, "fold0_val_acc": 0.7939982347749338, "fold0_val_loss": 0.7195953130722046, "fold0_tmp_test_acc": 0.8016237204376986, "fold0_tmp_test_loss": 0.6838915944099426, "_timestamp": 1745752087.6961863, "_runtime": 452.06610226631165, "_step": 1014, "best_test_acc": 0.8220967172608542, "best_val_acc": 0.819593998234775, "best_epoch": 702, "test_acc": 76.8902223791034, "val_acc": 76.67255075022067, "test_acc_std": 7.089876185552643, "_wandb": {"runtime": 451}}