{"fold0_tmp_test_acc":0.4928956393924547,"_runtime":122.305534256,"best_test_acc":0.4902825412379552,"_wandb":{"runtime":125},"fold0_train_loss":0.46058326959609985,"_step":734,"best_epoch":634,"best_val_acc":0.49697860525886006,"fold0_tmp_test_loss":1.648592472076416,"fold0_train_acc":0.8320267842560837,"fold0_val_acc":0.49224236485382983,"_timestamp":1.7456970912945697e+09,"fold0_val_loss":1.6762043237686157}