{"_timestamp":1.7458134687310917e+09,"_step":386,"fold0_train_loss":0.09435232728719711,"best_val_acc":0.910856134157105,"fold0_tmp_test_acc":0.9050476526650194,"fold0_tmp_test_loss":0.3998023271560669,"fold0_val_acc":0.906972639011474,"_runtime":154.567482786,"fold0_val_loss":0.4039440155029297,"fold0_train_acc":0.9724649192480805,"best_epoch":312,"_wandb":{"runtime":160},"best_test_acc":0.9025767737380869}