{"_step":1761,"fold0_tmp_test_loss":0.17332778871059418,"fold0_train_acc":0.9999975,"_timestamp":1.746667124595767e+09,"best_val_acc":0.9755960000000001,"fold0_val_loss":0.19172899425029755,"fold0_tmp_test_acc":0.9768319999999999,"best_test_acc":0.9768450000000001,"_runtime":196.145539103,"fold0_val_acc":0.971551,"fold0_train_loss":0.010320533998310566,"_wandb":{"runtime":206},"best_epoch":1561}