{"fold0_train_loss":0.13876835972070695,"fold0_test_loss":0.7097893486917018,"_timestamp":1.747294980909059e+09,"_runtime":65.85102468,"_wandb":{"runtime":65},"_step":38}