{"fold0_train_acc": 0.9083046509575501, "fold0_train_loss": 0.2669760286808014, "fold0_val_acc": 0.7285083848190644, "fold0_val_loss": 1.032313585281372, "fold0_tmp_test_acc": 0.7248499823508648, "fold0_tmp_test_loss": 1.0365564823150635, "_timestamp": 1745740550.2365627, "_runtime": 29.66434383392334, "_step": 296, "best_test_acc": 0.7227320861277797, "best_val_acc": 0.7332744924977934, "best_epoch": 74, "test_acc": 72.94034592304976, "val_acc": 72.84730803177403, "test_acc_std": 0.525624314892728, "_wandb": {"runtime": 29}}