{"fold0_train_acc":0.9994770000000001,"best_test_acc":0.98188,"fold0_val_acc":0.9797180000000001,"best_val_acc":0.9799539999999999,"fold0_train_loss":0.04289572313427925,"fold0_tmp_test_loss":0.1351807564496994,"fold0_tmp_test_acc":0.9830399999999999,"_timestamp":1.7466674456466603e+09,"best_epoch":728,"_wandb":{"runtime":116},"fold0_val_loss":0.14473840594291687,"_runtime":103.942104602,"_step":928}