{"fold0_train_acc":0.9763480716618127,"_wandb":{"runtime":167},"fold0_val_loss":0.34121495485305786,"_timestamp":1.7458136560626874e+09,"_runtime":166.110008112,"_step":636,"best_val_acc":0.9143865842894969,"best_epoch":408,"fold0_tmp_test_loss":0.35752156376838684,"fold0_train_loss":0.08957820385694504,"fold0_val_acc":0.909973521624007,"fold0_tmp_test_acc":0.9096364278150371,"best_test_acc":0.9105188845746558}