{"_runtime":23.568661529,"_step":26,"_wandb":{"runtime":23},"fold0_train_loss":NaN,"fold0_test_loss":NaN,"_timestamp":1.7470947517212877e+09}