{"fold0_train_acc": 0.8933015620863118, "fold0_train_loss": 0.3087676167488098, "fold0_val_acc": 0.735216240070609, "fold0_val_loss": 0.9168936610221863, "fold0_tmp_test_acc": 0.7382633250970703, "fold0_tmp_test_loss": 0.9038379788398743, "_timestamp": 1745752565.8142335, "_runtime": 143.74479150772095, "_step": 288, "best_test_acc": 0.7266148958701024, "best_val_acc": 0.7389232127096205, "best_epoch": 90, "test_acc": 73.47511471937875, "val_acc": 73.17387466902031, "test_acc_std": 0.5410805767530285, "_wandb": {"runtime": 143}}