{"_runtime":149.489140724,"_timestamp":1.745809996189168e+09,"fold0_val_loss":0.39677971601486206,"fold0_tmp_test_acc":0.9087539710554183,"_wandb":{"runtime":164},"best_test_acc":0.8976350158842217,"fold0_tmp_test_loss":0.38889172673225403,"fold0_val_acc":0.9041482789055605,"_step":394,"best_val_acc":0.9067961165048544,"best_epoch":220,"fold0_train_loss":0.08288557827472687,"fold0_train_acc":0.974671255846792}