{"fold0_train_acc": 0.9966463683699586, "fold0_train_loss": 0.016363641247153282, "fold0_val_acc": 0.9159752868490733, "fold0_val_loss": 0.444947212934494, "fold0_tmp_test_acc": 0.9121073067419696, "fold0_tmp_test_loss": 0.4183119535446167, "_timestamp": 1745748011.6094491, "_runtime": 319.12287306785583, "_step": 344, "best_test_acc": 0.8939286974938228, "best_val_acc": 0.8935569285083849, "best_epoch": 136, "test_acc": 89.54465231203672, "val_acc": 89.52338923212709, "test_acc_std": 0.6604267713590803, "_wandb": {"runtime": 318}}