{"_step":228,"_wandb":{"runtime":373},"fold0_train_loss":0.03255681497976184,"fold0_test_loss":0.6011433598399162,"_timestamp":1.7472902247320204e+09,"_runtime":373.766586119}