{"_runtime":95.801060813,"_step":57,"fold0_train_loss":0.3253362637013197,"_wandb":{"runtime":95},"fold0_test_loss":0.5944512210041285,"_timestamp":1.7471840704005432e+09}