{"_runtime":311.275409907,"best_train_loss":0.0007579761579108891,"fold0_test_loss":0.13131018948275597,"_step":503,"_wandb":{"runtime":347},"fold0_train_loss":0.017090548865962774,"best_test_loss":0.0017720778902003075,"_timestamp":1.7471881080346043e+09,"best_epoch":446}