{"_step":435,"_wandb":{"runtime":35},"fold0_val_loss":1.490894079208374,"_timestamp":1.7457251362698493e+09,"fold0_val_acc":0.43851053405193535,"_runtime":33.129503016,"best_test_acc":0.445859872611465,"fold0_train_loss":0.7460890412330627,"fold0_tmp_test_loss":1.5143340826034546,"best_val_acc":0.4487996080352768,"best_epoch":335,"fold0_train_acc":0.7261963089988568,"fold0_tmp_test_acc":0.4440633676302466}