{"_wandb":{"runtime":506},"_runtime":403.800763528,"fold0_train_loss":0.03146190507337451,"best_test_loss":0.43281932801008227,"_step":499,"fold0_test_loss":0.5066821669042111,"_timestamp":1.7470931672579372e+09,"best_train_loss":0.018282596804201603,"best_epoch":467}