{"fold0_test_loss":0.49770251363515855,"_timestamp":1.74708951894199e+09,"_runtime":112.576327009,"_wandb":{"runtime":112},"_step":438,"fold0_train_loss":0.020461830254644157}