{"fold0_val_acc":0.7226186146661356,"best_val_acc":0.735215697140779,"fold0_train_loss":0.09396850317716599,"best_epoch":360,"_runtime":75.070609386,"_wandb":{"runtime":76},"fold0_train_acc":0.864591350178088,"best_test_acc":0.7332850391010115,"fold0_tmp_test_loss":0.13072676956653595,"fold0_tmp_test_acc":0.7164481689366881,"_timestamp":1.7467321568138957e+09,"_step":560,"fold0_val_loss":0.12405072897672653}