{"fold0_train_loss":0.1249338686466217,"best_epoch":416,"test_acc_std":0.5611703831279772,"test_acc":97.35441,"fold0_train_acc":0.98758125,"best_test_acc":0.9632970000000001,"fold0_val_acc":0.9672249999999999,"_runtime":876.475133908,"fold0_val_loss":0.18169261515140533,"fold0_tmp_test_acc":0.972387,"fold0_tmp_test_loss":0.16910815238952637,"_step":848,"val_acc":97.31934000000001,"_wandb":{"runtime":876},"best_val_acc":0.9602139999999999,"_timestamp":1.745923067125807e+09}