{"_runtime":112.595191393,"_step":143,"_wandb":{"runtime":112},"fold0_train_loss":0.12572929695248602,"fold0_test_loss":0.488595597371459,"_timestamp":1.7471892476813502e+09}