{"fold0_train_acc": 0.9968228752978554, "fold0_train_loss": 0.015050147660076618, "fold0_val_acc": 0.8910856134157105, "fold0_val_loss": 0.564974844455719, "fold0_tmp_test_acc": 0.8967525591246029, "fold0_tmp_test_loss": 0.5673598051071167, "_timestamp": 1745741461.8672063, "_runtime": 170.86736345291138, "_step": 303, "best_test_acc": 0.8743381574302859, "best_val_acc": 0.876963812886143, "best_epoch": 63, "test_acc": 87.65266501941407, "val_acc": 87.46160635481021, "test_acc_std": 0.8598661563776646, "_wandb": {"runtime": 170}}