{"test_acc":89.77585598305684,"fold0_val_acc":0.9066195939982348,"fold0_tmp_test_acc":0.9062830921284857,"fold0_train_acc":0.9740534815991527,"test_acc_std":0.711155033973215,"best_test_acc":0.8873985174726439,"_wandb":{"runtime":208},"_runtime":208.214180232,"fold0_val_loss":0.4126019775867462,"best_epoch":193,"fold0_tmp_test_loss":0.42286914587020874,"fold0_train_loss":0.08760827034711838,"val_acc":89.77581641659312,"_step":377,"_timestamp":1.7457180698754647e+09,"best_val_acc":0.8864960282436011}