{"fold0_val_acc":0.8217122683142101,"_wandb":{"runtime":11},"fold0_train_loss":0.0003912857791874558,"_runtime":7.394522793,"_step":82,"fold0_train_acc":1,"best_val_acc":0.8146513680494263,"best_test_acc":0.809918813978115,"best_epoch":32,"fold0_val_loss":1.6992076635360718,"_timestamp":1.7457256666687284e+09,"fold0_tmp_test_acc":0.8160960112954465,"fold0_tmp_test_loss":1.6996803283691406}