{"best_test_acc":0.5111873264739507,"fold0_train_loss":0.17556647956371307,"_runtime":101.314087616,"fold0_tmp_test_acc":0.5146170178017312,"_step":621,"best_epoch":521,"_timestamp":1.7459477974673305e+09,"fold0_val_loss":1.886950135231018,"fold0_val_acc":0.5066144047035767,"fold0_train_acc":0.9585170667973216,"fold0_tmp_test_loss":1.8953808546066284,"best_val_acc":0.5155969296096684,"_wandb":{"runtime":143}}