{"fold0_tmp_test_loss":0.40117204189300537,"_runtime":207.952957175,"best_epoch":0,"best_val_acc":0.6126056260787742,"fold0_tmp_test_acc":0.4255652734069253,"_step":400,"fold0_train_loss":0.40177950263023376,"fold0_val_acc":0.4348062968671528,"fold0_val_loss":0.4051402807235718,"_timestamp":1.7469138886116002e+09,"best_test_acc":0.6163810957518777,"fold0_train_acc":0.4214468420414596,"_wandb":{"runtime":217}}