{"best_epoch":1953,"best_test_acc":0.5201698513800425,"fold0_train_loss":0.0636979267001152,"fold0_val_loss":2.3021490573883057,"fold0_tmp_test_acc":0.5231095868038543,"_runtime":870.429022454,"_timestamp":1.74694028892901e+09,"best_val_acc":0.535848440307039,"fold0_val_acc":0.5203331700146987,"_wandb":{"runtime":883},"fold0_tmp_test_loss":2.2166218757629395,"fold0_train_acc":0.9886493548913932,"_step":3000}