{"test_acc":86.39604659371692,"fold0_val_acc":0.8723742277140335,"best_val_acc":0.8644307149161518,"_timestamp":1.7457048255688825e+09,"val_acc":86.70255957634598,"fold0_train_acc":0.9673462183390699,"fold0_tmp_test_acc":0.8690434168725732,"fold0_val_loss":0.4967103600502014,"best_epoch":363,"test_acc_std":0.5252093217415273,"fold0_train_loss":0.11169958114624023,"_step":360,"_wandb":{"runtime":274},"_runtime":274.484394232,"best_test_acc":0.860571831980233,"fold0_tmp_test_loss":0.49923229217529297}