{"_wandb":{"runtime":93},"fold0_train_loss":0.001988491592783248,"fold0_test_loss":0.007179654573628795,"_timestamp":1.7471923044048421e+09,"_runtime":93.924159417,"_step":389}