{"fold0_test_loss":0.006488348329439759,"_timestamp":1.747295665286897e+09,"_runtime":61.826922655,"_step":235,"_wandb":{"runtime":61},"fold0_train_loss":0.004011059362092055}