{"_runtime":23.441411766,"fold0_tmp_test_acc":0.907518531591952,"fold0_tmp_test_loss":0.43298542499542236,"_step":240,"best_val_acc":0.8963812886142983,"best_test_acc":0.8979879985880692,"fold0_val_loss":0.44948095083236694,"fold0_val_acc":0.9067961165048544,"fold0_train_acc":0.986761980407731,"_timestamp":1.7457186495529742e+09,"best_epoch":140,"fold0_train_loss":0.044604405760765076,"_wandb":{"runtime":26}}