{"best_val_acc":0.9064430714916152,"fold0_val_loss":0.3922233581542969,"_timestamp":1.7458119279594824e+09,"fold0_val_acc":0.9032656663724625,"fold0_tmp_test_loss":0.3958805799484253,"_runtime":108.726543476,"fold0_train_acc":0.9662871767716883,"best_test_acc":0.9108718672785033,"fold0_train_loss":0.12245137989521027,"_wandb":{"runtime":116},"fold0_tmp_test_acc":0.9050476526650194,"best_epoch":513,"_step":468}