{"fold0_test_loss":0.6063301528990269,"_wandb":{"runtime":79},"_timestamp":1.7473006548751392e+09,"_runtime":79.723420159,"_step":263,"fold0_train_loss":0.040330524705350396}