{"fold0_train_acc": 0.36787522456312266, "fold0_train_loss": 1.4133412837982178, "fold0_val_acc": 0.36779356524579454, "fold0_val_loss": 1.4138879776000977, "fold0_tmp_test_acc": 0.3679568838804508, "fold0_tmp_test_loss": 1.413379430770874, "_timestamp": 1745959258.5623617, "_runtime": 403.6650757789612, "_step": 358, "best_test_acc": 0.3679568838804508, "best_val_acc": 0.36779356524579454, "best_epoch": 10, "test_acc": 36.79405520169852, "val_acc": 36.780989710926015, "test_acc_std": 0.004899559039687196, "_wandb": {"runtime": 403}}