{"fold0_tmp_test_acc":0.7573278320238093,"fold0_val_loss":0.11735212802886963,"best_val_acc":0.7584145841631598,"fold0_train_acc":0.8675200457198275,"_wandb":{"runtime":813},"_step":956,"fold0_val_acc":0.7629701724307131,"_runtime":746.557578372,"best_epoch":856,"fold0_tmp_test_loss":0.12057123333215714,"best_test_acc":0.7495436483656539,"_timestamp":1.7460365518467708e+09,"fold0_train_loss":0.10007987916469574}