{"_step":780,"best_epoch":589,"_timestamp":1.7458546120894437e+09,"fold0_tmp_test_loss":1.7503390312194824,"best_val_acc":0.5208231259186673,"_wandb":{"runtime":1151},"fold0_val_loss":1.7718061208724976,"fold0_train_acc":0.9384288747346072,"fold0_val_acc":0.5201698513800425,"_runtime":1151.63336475,"test_acc":51.26735260493221,"val_acc":52.121509064184224,"fold0_train_loss":0.22431820631027222,"test_acc_std":0.7056971556919035,"fold0_tmp_test_acc":0.5214764004572922,"best_test_acc":0.5097174587620448}