{"fold0_train_loss":0.015032527036964893,"best_val_acc":0.8580402010050251,"_runtime":30.586550181,"fold0_val_loss":0.9792842864990234,"_timestamp":1.747196241055446e+09,"_wandb":{"runtime":32},"fold0_tmp_test_loss":1.0923266410827637,"fold0_tmp_test_acc":0.8269617706237424,"_step":251,"best_test_acc":0.8712273641851107,"fold0_train_acc":0.9958053691275168,"best_epoch":108,"fold0_val_acc":0.8467336683417085}