{"_step":411,"fold0_train_loss":0.09683620929718018,"_wandb":{"runtime":40},"best_test_acc":0.8965760677726792,"fold0_tmp_test_acc":0.8949876456053654,"fold0_tmp_test_loss":0.4590856432914734,"fold0_val_acc":0.8977934686672551,"fold0_val_loss":0.45504891872406006,"_timestamp":1.7457178054673843e+09,"_runtime":30.026427867,"best_epoch":311,"fold0_train_acc":0.9707881034330598,"best_val_acc":0.8974404236540159}