{"fold0_train_acc": 0.9947047921630924, "fold0_train_loss": 0.021814141422510147, "fold0_val_acc": 0.8842012356575464, "fold0_val_loss": 0.7090539932250977, "fold0_tmp_test_acc": 0.8817507942110837, "fold0_tmp_test_loss": 0.7340608239173889, "_timestamp": 1745743184.8345277, "_runtime": 306.10055780410767, "_step": 293, "best_test_acc": 0.8400988351570773, "best_val_acc": 0.8446601941747572, "best_epoch": 71, "test_acc": 81.97493822802683, "val_acc": 81.92586054721977, "test_acc_std": 9.061596256976683, "_wandb": {"runtime": 305}}