{"fold0_train_acc":0.4713375796178344,"fold0_val_loss":1.3670340776443481,"_timestamp":1.7459434969410515e+09,"_step":135,"fold0_tmp_test_loss":1.3624669313430786,"best_val_acc":0.40568348848603625,"best_test_acc":0.4016005226196309,"best_epoch":35,"fold0_train_loss":1.2305129766464233,"_runtime":35.628540593,"fold0_val_acc":0.39751755675322553,"fold0_tmp_test_acc":0.4061734443900049,"_wandb":{"runtime":69}}