{"fold0_train_acc": 0.9949695525549378, "fold0_train_loss": 0.025469979271292686, "fold0_val_acc": 0.909973521624007, "fold0_val_loss": 0.47584235668182373, "fold0_tmp_test_acc": 0.9076950229438757, "fold0_tmp_test_loss": 0.4649942219257355, "_timestamp": 1745735568.3107085, "_runtime": 167.01612854003906, "_step": 427, "best_test_acc": 0.8900458877515002, "best_val_acc": 0.8946160635481024, "best_epoch": 137, "test_acc": 89.67349099894105, "val_acc": 89.50573698146513, "test_acc_std": 0.7630654167773592, "_wandb": {"runtime": 166}}