{"_runtime":325.146711231,"val_acc":90.95145631067962,"test_acc_std":0.5928244416190751,"fold0_val_loss":0.34900417923927307,"fold0_tmp_test_acc":0.9144016943169785,"_step":548,"best_test_acc":0.9078715142957995,"_wandb":{"runtime":325},"fold0_train_loss":0.06887298077344894,"best_val_acc":0.9112091791703442,"fold0_train_acc":0.9808489983231842,"fold0_tmp_test_loss":0.36866095662117004,"_timestamp":1.7457840167707143e+09,"test_acc":90.9018708083304,"fold0_val_acc":0.9196822594880847,"best_epoch":320}