{"fold0_val_acc":0.7633828054194158,"fold0_tmp_test_loss":0.11940957605838776,"_wandb":{"runtime":1236},"_step":2999,"best_val_acc":0.7667628399401947,"_timestamp":1.7460425634899728e+09,"fold0_train_acc":0.9030313342454208,"fold0_tmp_test_acc":0.7687054528998474,"best_test_acc":0.7714818902401013,"_runtime":1219.411837794,"fold0_train_loss":0.09202808141708374,"fold0_val_loss":0.11949076503515244,"best_epoch":2897}