{"fold0_train_acc": 0.9910864001412055, "fold0_train_loss": 0.03480928763747215, "fold0_val_acc": 0.8781994704324801, "fold0_val_loss": 0.5892386436462402, "fold0_tmp_test_acc": 0.8789269325803035, "fold0_tmp_test_loss": 0.5658456087112427, "_timestamp": 1745746802.457482, "_runtime": 138.6915340423584, "_step": 366, "best_test_acc": 0.8595128838686904, "best_val_acc": 0.8609002647837599, "best_epoch": 144, "test_acc": 86.31309565831276, "val_acc": 86.18887908208296, "test_acc_std": 0.550033252461962, "_wandb": {"runtime": 138}}