{"best_test_acc":0.5162502041482934,"fold0_train_acc":0.9779519843214111,"_timestamp":1.7469434211933134e+09,"_step":2000,"fold0_val_loss":2.1155221462249756,"fold0_tmp_test_loss":2.082364797592163,"fold0_tmp_test_acc":0.5284991017475094,"fold0_train_loss":0.0982101634144783,"best_val_acc":0.524416135881104,"best_epoch":708,"_wandb":{"runtime":586},"fold0_val_acc":0.5234362240731667,"_runtime":516.254191091}