{"_step":112,"_wandb":{"runtime":88},"fold0_train_loss":0.10805857338011265,"fold0_test_loss":0.372483097165823,"_timestamp":1.7470948471177015e+09,"_runtime":88.557651649}