{"_step":3000,"best_test_acc":0.5191555705376706,"fold0_train_loss":0.10709697753190994,"_wandb":{"runtime":1326},"fold0_val_acc":0.7800786242488268,"_runtime":1221.273392366,"fold0_train_acc":0.8434585721790232,"fold0_tmp_test_loss":0.1174951121211052,"_timestamp":1.7469079339962115e+09,"best_val_acc":0.5084676353266486,"best_epoch":0,"fold0_val_loss":0.11522696912288666,"fold0_tmp_test_acc":0.7758272167052636}