{"_runtime":222.990013323,"best_test_acc":0.9850620000000001,"fold0_train_loss":0.006960163824260235,"fold0_val_acc":0.976458,"fold0_tmp_test_loss":0.17507174611091614,"best_val_acc":0.983253,"_wandb":{"runtime":369},"fold0_train_acc":0.9999997500000001,"fold0_val_loss":0.190585196018219,"_timestamp":1.7466539530310683e+09,"_step":1999,"best_epoch":1536,"fold0_tmp_test_acc":0.979482}