{"best_epoch":1,"fold0_train_loss":1.4070086479187012,"_wandb":{"runtime":20},"_timestamp":1.7460278410238218e+09,"fold0_train_acc":0.36787522456312266,"fold0_tmp_test_loss":1.4103951454162598,"fold0_val_acc":0.36779356524579454,"_step":101,"fold0_tmp_test_acc":0.3679568838804508,"best_test_acc":0.3673036093418259,"fold0_val_loss":1.4092696905136108,"best_val_acc":0.3679568838804508,"_runtime":11.261791766}