{"_wandb":{"runtime":337},"_runtime":315.375720417,"best_test_acc":0.41466601339212805,"fold0_val_acc":0.5008982524906092,"fold0_tmp_test_loss":1.9272305965423584,"_step":566,"best_epoch":101,"_timestamp":1.745863269806754e+09,"fold0_tmp_test_acc":0.5007349338559529,"fold0_train_acc":0.9168708149599869,"best_val_acc":0.41009309162175406,"fold0_train_loss":0.25944098830223083,"fold0_val_loss":1.9093868732452393}