{"fold0_train_acc": 0.9674344718030182, "fold0_train_loss": 0.11964593827724457, "fold0_val_acc": 0.8856134157105031, "fold0_val_loss": 0.50965416431427, "fold0_tmp_test_acc": 0.8858100953053301, "fold0_tmp_test_loss": 0.47303837537765503, "_timestamp": 1745738758.6865947, "_runtime": 328.4143137931824, "_step": 1030, "best_test_acc": 0.8487469114013413, "best_val_acc": 0.8524271844660194, "best_epoch": 533, "test_acc": 81.96258383339216, "val_acc": 81.9505736981465, "test_acc_std": 8.21499278901245, "_wandb": {"runtime": 328}}