{"fold0_tmp_test_loss":1.4451011419296265,"best_epoch":236,"_step":336,"fold0_val_loss":1.4425469636917114,"fold0_train_acc":0.770537318308019,"fold0_tmp_test_acc":0.49224236485382983,"fold0_val_acc":0.48472970765964396,"best_val_acc":0.487832761718112,"_timestamp":1.7456882478803015e+09,"fold0_train_loss":0.6022222638130188,"best_test_acc":0.49469214437367304,"_wandb":{"runtime":75},"_runtime":63.769624932}