{"best_test_acc":0.5294790135554467,"fold0_val_loss":2.3593904972076416,"fold0_val_acc":0.5214764004572922,"best_val_acc":0.5294790135554467,"fold0_tmp_test_loss":2.3976755142211914,"_timestamp":1.745948333503523e+09,"fold0_train_acc":0.994610485056345,"fold0_tmp_test_acc":0.5271925526702597,"_wandb":{"runtime":541},"best_epoch":2542,"_step":2999,"fold0_train_loss":0.04108813777565956,"_runtime":483.533860396}