{"fold0_tmp_test_acc":0.9031062477938581,"fold0_val_loss":0.44608697295188904,"_step":360,"_wandb":{"runtime":223},"test_acc":90.36357218496293,"best_epoch":190,"val_acc":90.27007943512798,"fold0_tmp_test_loss":0.4606003761291504,"test_acc_std":0.5329337491815767,"_runtime":223.905821028,"best_test_acc":0.8993999294034593,"fold0_val_acc":0.9103265666372462,"_timestamp":1.7457272818175306e+09,"fold0_train_loss":0.04791518673300743,"best_val_acc":0.9027360988526038,"fold0_train_acc":0.9864972200158856}