{"test_acc_std":0.7374403441158495,"best_val_acc":0.8663724624889674,"val_acc":86.23300970873787,"fold0_tmp_test_loss":0.5394948720932007,"best_epoch":340,"fold0_train_loss":0.1383889764547348,"best_test_acc":0.8602188492763855,"fold0_train_acc":0.9613449827905746,"test_acc":85.94246381927286,"fold0_val_acc":0.8684907325684025,"fold0_val_loss":0.5400341749191284,"_wandb":{"runtime":284},"fold0_tmp_test_acc":0.8734557006706671,"_step":571,"_runtime":284.514065769,"_timestamp":1.745703234948184e+09}