{"_wandb":{"runtime":56},"fold0_test_loss":0.5954945512115956,"_timestamp":1.7471979821389902e+09,"_runtime":56.546928224,"_step":35,"fold0_train_loss":0.3234484028816223}