{"best_epoch":319,"fold0_tmp_test_loss":1.7353222370147705,"best_val_acc":0.5172301159562306,"fold0_train_loss":0.2897547781467438,"_wandb":{"runtime":136},"_timestamp":1.7458533009933422e+09,"_step":468,"_runtime":129.258599166,"best_test_acc":0.5113506451086068,"fold0_val_acc":0.5089008655887637,"fold0_train_acc":0.9042136207741304,"fold0_val_loss":1.7317794561386108,"fold0_tmp_test_acc":0.5133104687244815}