{"_timestamp":1.7459461026995175e+09,"fold0_tmp_test_acc":0.5146170178017312,"fold0_train_loss":0.2540515959262848,"fold0_val_loss":1.836743712425232,"fold0_tmp_test_loss":1.7823940515518188,"_runtime":180.036156228,"_step":807,"best_val_acc":0.509880777396701,"fold0_train_acc":0.9254450432794382,"best_test_acc":0.5124938755512004,"best_epoch":707,"_wandb":{"runtime":205},"fold0_val_acc":0.49877511024007837}