{"_wandb":{"runtime":972},"fold0_tmp_test_loss":0.11940450221300125,"_timestamp":1.7468524701012995e+09,"fold0_val_loss":0.11694607138633728,"fold0_train_loss":0.09022870659828186,"best_epoch":568,"fold0_train_acc":0.9074133083952456,"_step":870,"best_test_acc":0.7904923471920464,"fold0_tmp_test_acc":0.7750278798177825,"fold0_val_acc":0.7733556159765397,"best_val_acc":0.7956825935611243,"_runtime":962.854202307}