{"_wandb":{"runtime":114},"_step":47,"fold0_train_loss":0.1173324740678072,"fold0_test_loss":0.1764031218364835,"_timestamp":1.7472991864288514e+09,"_runtime":114.536629595}