{"_runtime":30.202864539,"best_val_acc":0.4029070716968806,"_step":177,"fold0_tmp_test_loss":1.3972820043563843,"fold0_val_loss":1.406016230583191,"fold0_val_acc":0.39539441450269475,"best_epoch":77,"fold0_train_loss":1.2903178930282593,"best_test_acc":0.3960476890413196,"fold0_train_acc":0.44136861015841905,"_wandb":{"runtime":33},"_timestamp":1.7456976880875902e+09,"fold0_tmp_test_acc":0.3865752082312592}