{"best_val_acc":0.5280091458435408,"_step":1999,"best_test_acc":0.52588600359301,"fold0_train_loss":0.08500128984451294,"_timestamp":1.7469462466359992e+09,"fold0_tmp_test_acc":0.5209864445533235,"fold0_tmp_test_loss":2.265514373779297,"best_epoch":1861,"_runtime":327.266582331,"fold0_val_loss":2.304922103881836,"fold0_train_acc":0.9772987097827862,"_wandb":{"runtime":372},"fold0_val_acc":0.5208231259186673}