{"fold0_tmp_test_loss":2.0492255687713623,"best_epoch":401,"_step":501,"fold0_val_loss":2.084437608718872,"fold0_tmp_test_acc":0.43655071043606075,"_timestamp":1.745846331125689e+09,"_runtime":34.07580358,"fold0_val_acc":0.425281724644782,"fold0_train_acc":0.8809407153356198,"fold0_train_loss":0.36104270815849304,"best_test_acc":0.43295770047362403,"_wandb":{"runtime":38},"best_val_acc":0.43736730360934184}