{"fold0_train_acc":0.9704393271272252,"best_epoch":391,"_runtime":113.372409787,"_wandb":{"runtime":141},"fold0_val_acc":0.4940388698350482,"fold0_val_loss":2.8792006969451904,"_timestamp":1.7456885785545552e+09,"fold0_tmp_test_acc":0.4997550220480157,"fold0_train_loss":0.09922044724225998,"best_test_acc":0.5017148456638902,"_step":491,"fold0_tmp_test_loss":2.886373281478882,"best_val_acc":0.506124448799608}