{"fold0_train_loss":0.03618878498673439,"fold0_train_acc":0.9924984555643809,"fold0_tmp_test_acc":0.8978115072361454,"_runtime":202.558859638,"best_val_acc":0.889143865842895,"fold0_val_acc":0.8894969108561341,"fold0_tmp_test_loss":0.4421493113040924,"_timestamp":1.7458466081471539e+09,"_step":1999,"best_test_acc":0.8886339569361101,"fold0_val_loss":0.4814632833003998,"best_epoch":687,"_wandb":{"runtime":211}}