{"fold0_train_acc":0.8980891719745223,"fold0_tmp_test_acc":0.491589090315205,"fold0_val_acc":0.47689041319614567,"best_test_acc":0.4942021884697044,"_step":1999,"fold0_train_loss":0.44663694500923157,"_wandb":{"runtime":771},"fold0_tmp_test_loss":1.5442538261413574,"_timestamp":1.7467176699013405e+09,"fold0_val_loss":1.5550520420074463,"best_epoch":1973,"best_val_acc":0.4848930262943002,"_runtime":505.697163685}