{"best_val_acc":0.5154336109750123,"best_epoch":622,"fold0_tmp_test_loss":1.7664462327957153,"best_test_acc":0.5218030377266046,"fold0_train_acc":0.9413686101584191,"fold0_train_loss":0.21855251491069794,"_step":722,"_wandb":{"runtime":147},"fold0_val_acc":0.5121672382818879,"fold0_tmp_test_acc":0.5234362240731667,"_runtime":116.866519402,"fold0_val_loss":1.7875053882598877,"_timestamp":1.7460291005329845e+09}