{"fold0_val_loss":1.3442686796188354,"fold0_tmp_test_acc":0.441286950841091,"_wandb":{"runtime":56},"best_val_acc":0.44194022537971583,"_timestamp":1.7459403821942966e+09,"best_test_acc":0.44455332353421523,"fold0_train_loss":0.9619596600532532,"_step":383,"best_epoch":283,"_runtime":49.914077051,"fold0_val_acc":0.43900048995590396,"fold0_train_acc":0.6108116936142414,"fold0_tmp_test_loss":1.3462369441986084}