{"fold0_train_acc":0.7994447166421689,"fold0_train_loss":0.5905426144599915,"best_test_acc":0.46333496651967987,"best_epoch":348,"fold0_tmp_test_loss":1.5848644971847534,"fold0_tmp_test_acc":0.467254613751429,"best_val_acc":0.46611138330883556,"_timestamp":1.7458727416408315e+09,"_wandb":{"runtime":27},"fold0_val_loss":1.5702611207962036,"_step":448,"fold0_val_acc":0.4551690347868692,"_runtime":21.014635452}