{"fold0_train_acc":0.889689543898539,"best_test_acc":0.7881300088430395,"_step":1495,"_runtime":1534.140055153,"fold0_tmp_test_loss":0.11765971034765244,"fold0_train_loss":0.09637098014354706,"_wandb":{"runtime":1541},"fold0_tmp_test_acc":0.7736009872803382,"fold0_val_acc":0.7761707335376871,"best_epoch":804,"best_val_acc":0.7939223802019293,"_timestamp":1.746863017346485e+09,"fold0_val_loss":0.11481044441461563}