{"best_test_acc":0.7921698694785839,"fold0_tmp_test_loss":0.11600375175476074,"fold0_tmp_test_acc":0.7857101791927668,"_wandb":{"runtime":3296},"fold0_val_acc":0.7834520778853424,"best_val_acc":0.7942411489993015,"_step":3000,"_runtime":3104.656020844,"fold0_train_acc":0.8594737601671775,"best_epoch":2966,"fold0_val_loss":0.11387838423252106,"fold0_train_loss":0.10213030874729156,"_timestamp":1.7469132171293585e+09}