{"fold0_train_acc": 0.9467831612390787, "fold0_train_loss": 0.17711320519447327, "fold0_val_acc": 0.8490732568402471, "fold0_val_loss": 0.5099074840545654, "fold0_tmp_test_acc": 0.8529827038475115, "fold0_tmp_test_loss": 0.5330106616020203, "_timestamp": 1745735130.4536324, "_runtime": 282.12320137023926, "_step": 576, "best_test_acc": 0.8602188492763855, "best_val_acc": 0.8637246248896734, "best_epoch": 546, "test_acc": 86.06777267913873, "val_acc": 86.0441306266549, "test_acc_std": 0.7549292506921571, "_wandb": {"runtime": 281}}