{"fold0_tmp_test_acc":0.985741,"_runtime":727.396446587,"best_test_acc":0.9844040000000001,"fold0_val_acc":0.982146,"_wandb":{"runtime":733},"fold0_val_loss":0.13703230023384094,"fold0_train_acc":0.9996832499999999,"fold0_tmp_test_loss":0.12210600078105927,"best_val_acc":0.98698,"_step":1409,"fold0_train_loss":0.038358837366104126,"best_epoch":1648,"_timestamp":1.7466781998408072e+09}