{"_runtime":900.761015609,"best_val_acc":0.86775,"fold0_val_loss":0.14701010286808014,"fold0_train_acc":0.94075,"_timestamp":1.7458893280573282e+09,"test_acc":86.70500000000001,"_wandb":{"runtime":900},"_step":1208,"test_acc_std":2.3616943070600858,"best_epoch":666,"fold0_tmp_test_acc":0.9079999999999999,"best_test_acc":0.869,"val_acc":86.95,"fold0_val_acc":0.8967499999999999,"fold0_train_loss":0.09176564961671829,"fold0_tmp_test_loss":0.141282320022583}