{"_timestamp":1.745940461033866e+09,"_step":314,"_runtime":40.849643057,"_wandb":{"runtime":55},"fold0_val_acc":0.4347542054548424,"best_val_acc":0.4407969949371223,"best_test_acc":0.44308345582230935,"fold0_train_acc":0.6048505634492896,"fold0_tmp_test_loss":1.340957760810852,"fold0_val_loss":1.3470771312713623,"best_epoch":214,"fold0_train_loss":0.9661940932273865,"fold0_tmp_test_acc":0.442103544014372}