{"fold0_train_loss":0.06989237666130066,"fold0_val_acc":0.759472490171969,"fold0_tmp_test_loss":0.138504758477211,"fold0_val_loss":0.13397376239299774,"fold0_tmp_test_acc":0.7497905838945854,"_step":2135,"fold0_train_acc":0.9586224881515221,"_runtime":1338.778836586,"_wandb":{"runtime":1338},"_timestamp":1.746043931553746e+09}