{"_step":83,"fold0_train_loss":0.18081591688096524,"fold0_test_loss":0.6599515736103058,"_wandb":{"runtime":137},"_timestamp":1.747197767886667e+09,"_runtime":137.744821924}