{"_runtime":537.58506938,"_step":350,"_wandb":{"runtime":537},"fold0_train_loss":0.06507710685720668,"fold0_test_loss":0.3855810962989926,"_timestamp":1.7471869121642358e+09}