{"fold0_train_acc":0.9731709469596682,"fold0_train_loss":0.08661162108182907,"_runtime":85.265443212,"fold0_val_loss":0.42619892954826355,"fold0_tmp_test_acc":0.8967525591246029,"_step":280,"best_test_acc":0.9004588775150018,"_wandb":{"runtime":106},"best_val_acc":0.9046778464254193,"best_epoch":238,"fold0_tmp_test_loss":0.43025970458984375,"_timestamp":1.7457274971964862e+09,"fold0_val_acc":0.9011473962930273}