{"_timestamp":1.7458940850910606e+09,"_wandb":{"runtime":649},"best_test_acc":0.9671249999999999,"test_acc_std":0.571316921594316,"fold0_val_acc":0.968302,"test_acc":96.99669,"_runtime":649.875218206,"fold0_val_loss":0.17717018723487854,"fold0_tmp_test_acc":0.972888,"fold0_train_loss":0.12115135043859482,"best_epoch":495,"val_acc":96.91073000000002,"fold0_tmp_test_loss":0.16743780672550201,"fold0_train_acc":0.9875205000000001,"_step":807,"best_val_acc":0.962901}