{"_runtime":120.62346132,"_step":73,"fold0_train_loss":0.09915990136563778,"fold0_test_loss":0.751039223074913,"_timestamp":1.7472010103910513e+09,"_wandb":{"runtime":120}}