{"fold0_train_acc": 0.889683170064425, "fold0_train_loss": 0.3081241846084595, "fold0_val_acc": 0.746513680494263, "fold0_val_loss": 0.8971654772758484, "fold0_tmp_test_acc": 0.7490292975644194, "fold0_tmp_test_loss": 0.8838785290718079, "_timestamp": 1745733566.4141536, "_runtime": 109.07697749137878, "_step": 292, "best_test_acc": 0.7359689375220614, "best_val_acc": 0.746513680494263, "best_epoch": 75, "test_acc": 74.55171196611367, "val_acc": 74.51015004413063, "test_acc_std": 0.6566071313679143, "_wandb": {"runtime": 108}}