{"_timestamp":1.7469420599626803e+09,"best_epoch":748,"best_val_acc":0.5278458272088845,"fold0_tmp_test_loss":2.1403424739837646,"fold0_val_acc":0.5165768414176057,"_runtime":1444.462883246,"best_test_acc":0.5147803364363874,"fold0_val_loss":2.1857857704162598,"_wandb":{"runtime":1572},"fold0_train_acc":0.9887310142087212,"fold0_tmp_test_acc":0.5270292340356034,"_step":3001,"fold0_train_loss":0.06978758424520493}