{"_wandb":{"runtime":85},"fold0_train_acc":0.9641690936369253,"best_epoch":340,"fold0_train_loss":0.12281698733568192,"fold0_val_acc":0.8900264783759929,"best_test_acc":0.8990469466996117,"_timestamp":1.745722021025689e+09,"fold0_tmp_test_acc":0.8905753618072715,"_runtime":82.384294041,"_step":258,"fold0_tmp_test_loss":0.4622541069984436,"best_val_acc":0.8974404236540159,"fold0_val_loss":0.46069005131721497}