{"_step":85,"_wandb":{"runtime":140},"fold0_train_loss":0.07559007551521063,"fold0_test_loss":0.6848057100176811,"_timestamp":1.747200690261733e+09,"_runtime":140.570360108}