{"_step":149,"fold0_train_loss":NaN,"fold0_test_loss":NaN,"_timestamp":1.747083165970791e+09,"_wandb":{"runtime":127},"_runtime":127.80451207}