{"_timestamp":1.7470904991082668e+09,"_runtime":157.909710917,"_step":193,"fold0_train_loss":0.05116687681525946,"_wandb":{"runtime":157},"fold0_test_loss":0.4302125370502472}