{"_runtime":12.559881929,"_step":0,"fold0_train_loss":1.62915278339386,"fold0_test_loss":0.19,"_wandb":{"runtime":12},"_timestamp":1.747293935583246e+09}