{"fold0_train_acc": 0.9842026299532257, "fold0_train_loss": 0.062326036393642426, "fold0_val_acc": 0.8192409532215358, "fold0_val_loss": 0.8333179354667664, "fold0_tmp_test_acc": 0.8213907518531592, "fold0_tmp_test_loss": 0.7970457077026367, "_timestamp": 1745745897.3299353, "_runtime": 40.444369316101074, "_step": 268, "best_test_acc": 0.7995058242146135, "best_val_acc": 0.8026478375992939, "best_epoch": 67, "test_acc": 80.87539710554182, "val_acc": 80.80670785525156, "test_acc_std": 0.4444779735601041, "_wandb": {"runtime": 40}}