{"fold0_train_loss":0.05472916884347796,"fold0_test_loss":0.6238871800899506,"_timestamp":1.7471975407306535e+09,"_runtime":386.591430617,"_step":240,"_wandb":{"runtime":386}}