{"_timestamp":1.7471863677745078e+09,"_runtime":148.630673218,"_step":93,"_wandb":{"runtime":148},"fold0_train_loss":0.1479346641432494,"fold0_test_loss":0.37417738389223815}