{"_wandb":{"runtime":71},"best_val_acc":0.5044912624530459,"best_test_acc":0.5025314388371713,"_runtime":61.620649795,"fold0_val_loss":1.8358302116394043,"fold0_tmp_test_acc":0.5023681202025151,"_timestamp":1.7456883702529125e+09,"best_epoch":315,"fold0_train_loss":0.3031042516231537,"fold0_val_acc":0.4964886493548914,"fold0_tmp_test_loss":1.8439276218414307,"_step":415,"fold0_train_acc":0.8950677772333824}