{"fold0_train_acc": 0.9772306063012973, "fold0_train_loss": 0.08380769938230515, "fold0_val_acc": 0.9006178287731685, "fold0_val_loss": 0.47291451692581177, "fold0_tmp_test_acc": 0.8983409812919168, "fold0_tmp_test_loss": 0.47421994805336, "_timestamp": 1745739828.2460997, "_runtime": 266.0134837627411, "_step": 718, "best_test_acc": 0.8812213201553124, "best_val_acc": 0.8813768755516328, "best_epoch": 274, "test_acc": 88.96399576420755, "val_acc": 89.06796116504853, "test_acc_std": 0.7504120893077243, "_wandb": {"runtime": 265}}