{"fold0_tmp_test_acc":0.2585333986607872,"_wandb":{"runtime":7},"_runtime":7.985832537,"_step":38,"fold0_val_loss":1.6077072620391846,"fold0_tmp_test_loss":1.607684850692749,"_timestamp":1.745953864947832e+09,"fold0_val_acc":0.2570635309488813,"fold0_train_loss":1.6077771186828613,"fold0_train_acc":0.2572268495835375}