{"_timestamp":1.7456898007176318e+09,"fold0_val_acc":0.5030213947411399,"fold0_tmp_test_acc":0.5105340519353259,"fold0_val_loss":1.711238980293274,"_step":740,"best_val_acc":0.3651804670912951,"_runtime":782.003068931,"fold0_train_acc":0.9038869835048179,"best_epoch":0,"fold0_tmp_test_loss":1.7111891508102417,"_wandb":{"runtime":811},"best_test_acc":0.3601175894169525,"fold0_train_loss":0.30305418372154236}