{"fold0_train_acc": 0.9771423528373488, "fold0_train_loss": 0.08721840381622314, "fold0_val_acc": 0.7165048543689321, "fold0_val_loss": 1.3246387243270874, "fold0_tmp_test_acc": 0.7176138369219909, "fold0_tmp_test_loss": 1.324220061302185, "_timestamp": 1745751430.4691327, "_runtime": 58.43183755874634, "_step": 249, "best_test_acc": 0.7209671726085422, "best_val_acc": 0.7306266548984995, "best_epoch": 43, "test_acc": 72.86974938228028, "val_acc": 72.73962930273609, "test_acc_std": 0.5990211125342084, "_wandb": {"runtime": 58}}