{"fold0_val_acc":0.8974404236540159,"_timestamp":1.7457280299277775e+09,"fold0_train_loss":0.06616449356079102,"best_test_acc":0.8937522061418991,"_runtime":56.68118862,"_step":268,"best_val_acc":0.8819064430714916,"_wandb":{"runtime":70},"fold0_train_acc":0.9796134498279058,"best_epoch":134,"fold0_val_loss":0.42867711186408997,"fold0_tmp_test_loss":0.42622238397598267,"fold0_tmp_test_acc":0.8967525591246029}