{"fold0_tmp_test_loss":0.5019580125808716,"_step":397,"fold0_val_loss":0.47744572162628174,"best_test_acc":0.8956936110130603,"best_epoch":341,"fold0_train_acc":0.9717588915364928,"_runtime":63.930670739,"_wandb":{"runtime":68},"fold0_train_loss":0.0884118601679802,"fold0_tmp_test_acc":0.891634309918814,"fold0_val_acc":0.8924977934686672,"best_val_acc":0.8993821712268314,"_timestamp":1.745725353553232e+09}