{"fold0_test_loss":NaN,"_timestamp":1.7473037280098834e+09,"_runtime":126.739883308,"_step":66,"_wandb":{"runtime":126},"fold0_train_loss":NaN}