{"best_val_acc":0.45582230932549406,"fold0_tmp_test_acc":0.4491262453045893,"_step":916,"fold0_tmp_test_loss":1.6198095083236694,"fold0_val_loss":1.632387399673462,"_runtime":64.267620983,"_timestamp":1.7457174998963923e+09,"fold0_train_loss":0.5164200067520142,"best_epoch":816,"_wandb":{"runtime":66},"fold0_train_acc":0.8307202351788339,"fold0_val_acc":0.4491262453045893,"best_test_acc":0.4507594316511514}