{"best_test_acc":0.43034460231912464,"_wandb":{"runtime":393},"_step":651,"best_epoch":128,"val_acc":45.31438837171321,"fold0_val_acc":0.48015678588926997,"test_acc":44.33610975012249,"fold0_tmp_test_acc":0.4715008982524906,"_runtime":393.934610328,"best_val_acc":0.4190756165278458,"fold0_val_loss":1.7781504392623901,"test_acc_std":2.1686851441682533,"fold0_train_acc":0.9317328107137024,"fold0_train_loss":0.27845314145088196,"_timestamp":1.745938849962872e+09,"fold0_tmp_test_loss":1.8173890113830566}