{"_step":59,"_wandb":{"runtime":54},"fold0_train_loss":0.0893789878487587,"fold0_test_loss":0.5225525885820389,"_timestamp":1.7470757690468452e+09,"_runtime":54.582787794}