{"fold0_train_acc": 0.2614950136792869, "fold0_train_loss": 2.39731502532959, "fold0_val_acc": 0.2614298323036187, "fold0_val_loss": 2.4042491912841797, "fold0_tmp_test_acc": 0.2596187786798447, "fold0_tmp_test_loss": 2.4072489738464355, "_timestamp": 1745758138.8759012, "_runtime": 494.8814091682434, "_step": 344, "best_test_acc": 0.2610307094952347, "best_val_acc": 0.2614298323036187, "best_epoch": 521, "test_acc": 26.290151782562653, "val_acc": 26.31597528684907, "test_acc_std": 0.08936808260622872, "_wandb": {"runtime": 494}}