{"_runtime":98.273180135,"best_test_acc":0.49877511024007837,"fold0_train_loss":0.39199885725975037,"_step":502,"best_val_acc":0.4997550220480157,"fold0_val_acc":0.4907724971419239,"fold0_train_acc":0.8561162828678752,"fold0_val_loss":1.7083622217178345,"fold0_tmp_test_acc":0.4956720561816103,"best_epoch":402,"_wandb":{"runtime":102},"_timestamp":1.7456899732496774e+09,"fold0_tmp_test_loss":1.6579841375350952}