{"best_val_acc":0.4930589580271109,"best_test_acc":0.49387555120039195,"fold0_tmp_test_acc":0.4919157275845174,"_wandb":{"runtime":81},"_runtime":60.680245156,"fold0_val_acc":0.4865262126408623,"_step":378,"fold0_train_loss":0.4182414710521698,"fold0_val_loss":1.661752462387085,"best_epoch":278,"fold0_train_acc":0.8432141107300343,"fold0_tmp_test_loss":1.645396113395691,"_timestamp":1.7458758321787682e+09}