{"fold0_test_loss":0.22186817053705454,"_timestamp":1.7470181150152276e+09,"_runtime":627.615033581,"_wandb":{"runtime":627},"_step":405,"fold0_train_loss":0.020600492176599802}