{"best_test_acc":0.9064595834804094,"fold0_tmp_test_loss":0.3977217972278595,"best_val_acc":0.9037952338923213,"val_acc":89.94527802294792,"fold0_val_loss":0.39992550015449524,"test_acc_std":0.6838783685122892,"_timestamp":1.7457290811095169e+09,"test_acc":90.14295799505823,"fold0_train_acc":0.9863207130879887,"best_epoch":189,"fold0_train_loss":0.05169982090592384,"fold0_tmp_test_acc":0.9064595834804094,"fold0_val_acc":0.9087378640776699,"_runtime":212.84707795,"_step":326,"_wandb":{"runtime":212}}