{"fold0_tmp_test_loss":1.7007492780685425,"fold0_train_loss":0.2398661971092224,"_wandb":{"runtime":267},"_runtime":252.867308303,"fold0_val_acc":0.5162502041482934,"fold0_train_acc":0.9370406663400294,"best_epoch":209,"best_test_acc":0.4515760248244325,"fold0_tmp_test_acc":0.5208231259186673,"_timestamp":1.745859580588635e+09,"fold0_val_loss":1.7062199115753174,"_step":790,"best_val_acc":0.4499428384778703}