{"_timestamp":1.7458727873140507e+09,"_wandb":{"runtime":42},"fold0_tmp_test_acc":0.4607218683651805,"best_test_acc":0.45484239751755673,"fold0_val_loss":1.5428526401519775,"fold0_tmp_test_loss":1.5755666494369507,"_runtime":29.706746623,"fold0_val_acc":0.4545157602482443,"_step":428,"fold0_train_loss":0.5059636831283569,"best_epoch":328,"fold0_train_acc":0.8359464314878328,"best_val_acc":0.45598562796015024}