{"fold0_val_loss":0.6064911484718323,"test_acc":85.20472996823155,"best_epoch":102,"fold0_tmp_test_acc":0.8674549947052594,"test_acc_std":0.5591768570461655,"fold0_val_acc":0.8642541924095322,"best_val_acc":0.8557811120917918,"_timestamp":1.7457023251207955e+09,"fold0_train_loss":0.042233988642692566,"best_test_acc":0.861277797387928,"fold0_tmp_test_loss":0.599867582321167,"_wandb":{"runtime":165},"_runtime":165.192811146,"fold0_train_acc":0.9894095843261848,"val_acc":85.20917917034423,"_step":202}