{"fold0_tmp_test_loss":0.30707335472106934,"fold0_tmp_test_acc":0.9008939999999999,"_wandb":{"runtime":72},"fold0_val_acc":0.8932249999999999,"fold0_train_acc":0.916737125,"_runtime":72.584838836,"fold0_val_loss":0.31259065866470337,"fold0_train_loss":0.2915268838405609,"_timestamp":1.7461109474104483e+09,"_step":757}