{"fold0_train_acc": 0.9943517783072986, "fold0_train_loss": 0.02340320684015751, "fold0_val_acc": 0.8866725507502207, "fold0_val_loss": 0.5944602489471436, "fold0_tmp_test_acc": 0.8858100953053301, "fold0_tmp_test_loss": 0.6062831878662109, "_timestamp": 1745742649.1126204, "_runtime": 122.01076126098633, "_step": 306, "best_test_acc": 0.8577479703494528, "best_val_acc": 0.8616063548102383, "best_epoch": 110, "test_acc": 86.72785033533357, "val_acc": 86.46072374227715, "test_acc_std": 0.8717315053531894, "_wandb": {"runtime": 121}}