{"test_acc_std":0.4037087743658775,"fold0_val_loss":0.12307120114564896,"fold0_tmp_test_acc":0.9852489999999999,"best_test_acc":0.9855189999999999,"fold0_train_loss":0.029370086267590523,"fold0_train_acc":0.99988375,"fold0_val_acc":0.9852839999999999,"_timestamp":1.7466436833495495e+09,"best_val_acc":0.982315,"test_acc":98.49685,"val_acc":98.53433,"fold0_tmp_test_loss":0.12378960847854614,"_runtime":1888.051229818,"_step":1017,"_wandb":{"runtime":1888},"best_epoch":1561}