{"fold0_val_acc":0.9029126213592233,"_timestamp":1.745768780410531e+09,"fold0_train_acc":0.9862324596240403,"fold0_train_loss":0.05049391835927963,"test_acc":90.06177197317331,"best_epoch":178,"_wandb":{"runtime":175},"best_test_acc":0.907518531591952,"fold0_val_loss":0.45669665932655334,"_runtime":175.804600968,"test_acc_std":0.8910786012206477,"fold0_tmp_test_acc":0.9018708083303918,"fold0_tmp_test_loss":0.45182907581329346,"best_val_acc":0.905207413945278,"_step":203,"val_acc":89.94704324801413}