{"_runtime":2337.86333191,"fold0_val_loss":0.11992819607257843,"_step":2009,"_wandb":{"runtime":2337},"test_acc_std":0.256267297952742,"val_acc":99.19613000000001,"fold0_val_acc":0.986001,"best_val_acc":0.9913339999999999,"fold0_tmp_test_loss":0.11359526216983795,"best_epoch":1947,"fold0_tmp_test_acc":0.987716,"fold0_train_acc":0.9998315,"_timestamp":1.7469913569714406e+09,"test_acc":99.19859999999998,"best_test_acc":0.99203,"fold0_train_loss":0.029125835746526718}