{"_timestamp":1.745851028586147e+09,"_runtime":220.147129011,"_step":466,"fold0_train_loss":0.26625657081604004,"fold0_tmp_test_loss":1.7523610591888428,"fold0_val_acc":0.49501878164298546,"fold0_train_acc":0.9236485382982198,"_wandb":{"runtime":239},"best_epoch":430,"best_test_acc":0.49844847297076594,"fold0_val_loss":1.6974719762802124,"fold0_tmp_test_acc":0.4968152866242038,"best_val_acc":0.5089008655887637}