{"_step":130,"_wandb":{"runtime":33},"fold0_train_loss":0.019259748915210366,"fold0_test_loss":0.07202423930168152,"_timestamp":1.7471970047755945e+09,"_runtime":33.844849452}