{"_step":1999,"fold0_val_loss":2.2471425533294678,"fold0_val_acc":0.5203331700146987,"fold0_tmp_test_loss":2.269277572631836,"_timestamp":1.7469447655115256e+09,"best_val_acc":0.5288257390168218,"fold0_train_loss":0.054020993411540985,"best_epoch":1846,"fold0_train_acc":0.9925690021231423,"_wandb":{"runtime":354},"_runtime":323.248482935,"fold0_tmp_test_acc":0.5263759594969786,"best_test_acc":0.528172464478197}