{"_wandb":{"runtime":249},"fold0_train_loss":0.038890808091964574,"fold0_test_loss":0.08523917999118566,"_timestamp":1.747020914472442e+09,"_runtime":249.761949059,"_step":140}