{"fold0_train_loss":0.05654158070683479,"_step":248,"fold0_val_loss":0.41034242510795593,"fold0_tmp_test_loss":0.4369520843029022,"fold0_tmp_test_acc":0.9008118602188493,"best_val_acc":0.8930273609885261,"fold0_train_acc":0.9859676992321948,"fold0_val_acc":0.9059135039717564,"_timestamp":1.7457221379688787e+09,"_runtime":38.824335543,"_wandb":{"runtime":43},"best_epoch":168,"best_test_acc":0.8978115072361454}