{"fold0_train_acc":0.8842114552996205,"fold0_tmp_test_acc":0.8370984821743734,"_step":1499,"best_val_acc":0.8323036187113857,"_wandb":{"runtime":115},"fold0_val_loss":0.5204247832298279,"best_test_acc":0.8370984821743734,"best_epoch":1499,"fold0_val_acc":0.8323036187113857,"_runtime":112.550485941,"fold0_tmp_test_loss":0.5210665464401245,"_timestamp":1.7457279149570894e+09,"fold0_train_loss":0.3498151898384094}