{"fold0_test_loss":0.622099793702364,"_timestamp":1.7470942758921633e+09,"_runtime":120.571218228,"_step":145,"fold0_train_loss":0.16535216756165028,"_wandb":{"runtime":120}}