{"best_val_acc":0.5118406010125756,"_wandb":{"runtime":585},"fold0_tmp_test_acc":0.5252327290543851,"fold0_train_loss":0.2740929126739502,"fold0_val_acc":0.5147803364363874,"_timestamp":1.7460260316257057e+09,"fold0_train_acc":0.9147476727094561,"fold0_tmp_test_loss":1.708899974822998,"_step":668,"fold0_val_loss":1.7278060913085938,"best_test_acc":0.5062877674342643,"_runtime":554.022656558,"best_epoch":452}