{"val_acc":90.3477493380406,"fold0_train_acc":0.9879092754390609,"fold0_tmp_test_acc":0.9050476526650194,"best_test_acc":0.8955171196611366,"test_acc":90.49417578538652,"test_acc_std":0.7328621422834813,"fold0_val_loss":0.4101411998271942,"_runtime":242.503630171,"fold0_train_loss":0.04872388392686844,"best_epoch":184,"_timestamp":1.7457306565719724e+09,"fold0_val_acc":0.9078552515445719,"_step":323,"fold0_tmp_test_loss":0.4221477806568146,"best_val_acc":0.8990291262135922,"_wandb":{"runtime":242}}