{"fold0_train_loss":0.0027180675581621474,"fold0_test_loss":0.005945512717007659,"_timestamp":1.7472998519956532e+09,"_runtime":25.565959717,"_step":91,"_wandb":{"runtime":25}}