{"_runtime":4.782453071,"_step":2,"fold0_train_loss":0.3070358204841614,"fold0_test_loss":0.2467618458904326,"_timestamp":1.74719013247975e+09,"_wandb":{"runtime":4}}