{"fold0_train_loss":0.01518906861077994,"fold0_test_loss":0.05186446371371858,"_wandb":{"runtime":41},"_timestamp":1.747301299570305e+09,"_runtime":41.63197918,"_step":104}