{"fold0_tmp_test_acc":0.487832761718112,"_wandb":{"runtime":75},"fold0_val_loss":1.3811299800872803,"_step":223,"_timestamp":1.7456870518085055e+09,"fold0_val_acc":0.4795035113506451,"fold0_train_loss":0.7083390951156616,"fold0_train_acc":0.7210517720071861,"fold0_tmp_test_loss":1.3455158472061157,"_runtime":75.564124412}