{"best_val_acc":0.8137687555163283,"fold0_train_loss":0.24849538505077362,"fold0_tmp_test_loss":0.610458254814148,"_runtime":45.46291825,"_wandb":{"runtime":53},"fold0_val_acc":0.8105913503971757,"fold0_val_loss":0.6124185919761658,"fold0_tmp_test_acc":0.8132721496646664,"fold0_train_acc":0.922866472509046,"_timestamp":1.745703924006589e+09,"_step":460,"best_test_acc":0.8040945993646311,"best_epoch":360}