{"best_val_acc":0.9082082965578111,"fold0_train_loss":0.10745972394943237,"best_epoch":385,"fold0_train_acc":0.9685817668343483,"_runtime":373.005652512,"_wandb":{"runtime":373},"test_acc_std":0.754087054855485,"fold0_val_acc":0.9029126213592233,"best_test_acc":0.9098129191669608,"test_acc":90.94952347334981,"fold0_val_loss":0.35968315601348877,"val_acc":90.83671668137688,"_timestamp":1.7458105434943032e+09,"fold0_tmp_test_loss":0.3851402699947357,"fold0_tmp_test_acc":0.9045181786092481,"_step":326}