{"fold0_test_loss":0.2643383916839957,"_step":502,"best_test_loss":0.29486377142369746,"fold0_train_loss":0.008960596267133952,"_timestamp":1.74730047680439e+09,"_wandb":{"runtime":543},"_runtime":533.578201182,"best_train_loss":0.012806552782421932,"best_epoch":494}