{"fold0_train_loss":0.00036503415321931243,"best_test_acc":0.7027885633603953,"_runtime":8.744677137,"best_val_acc":0.7145631067961165,"_wandb":{"runtime":11},"_step":125,"best_epoch":25,"fold0_tmp_test_acc":0.6586657253794564,"fold0_val_acc":0.6640776699029126,"fold0_tmp_test_loss":4.238591194152832,"fold0_train_acc":1,"fold0_val_loss":4.268341541290283,"_timestamp":1.7457257645983853e+09}