{"_wandb":{"runtime":4},"fold0_tmp_test_acc":0.43116119549240567,"fold0_tmp_test_loss":1.3056858777999878,"fold0_val_loss":1.3153654336929321,"_step":31,"fold0_train_acc":0.4713375796178344,"fold0_train_loss":1.2324578762054443,"fold0_val_acc":0.4231585823942512,"_runtime":4.816836875,"_timestamp":1.7456882974702542e+09}