{"fold0_train_acc": 0.9964698614420616, "fold0_train_loss": 0.014250298961997032, "fold0_val_acc": 0.8993821712268314, "fold0_val_loss": 0.6010884046554565, "fold0_tmp_test_acc": 0.893046240734204, "fold0_tmp_test_loss": 0.6021372675895691, "_timestamp": 1745742864.3057728, "_runtime": 202.65920877456665, "_step": 301, "best_test_acc": 0.8978115072361454, "best_val_acc": 0.8983230361871138, "best_epoch": 105, "test_acc": 89.18460995411228, "val_acc": 89.02912621359225, "test_acc_std": 0.788890678391184, "_wandb": {"runtime": 202}}