{"fold0_val_acc":0.4953454189122979,"best_val_acc":0.5133104687244815,"_runtime":2595.475670167,"test_acc":51.1856932876041,"fold0_tmp_test_acc":0.5030213947411399,"_timestamp":1.7469886700106363e+09,"test_acc_std":0.5399626264980151,"val_acc":51.657684141760576,"_step":1030,"best_epoch":889,"_wandb":{"runtime":2595},"fold0_train_acc":0.981708312918504,"best_test_acc":0.5072676792422015,"fold0_tmp_test_loss":2.219136953353882,"fold0_val_loss":2.2389819622039795,"fold0_train_loss":0.09185034781694412}