{"best_epoch":160,"best_val_acc":0.900441306266549,"best_test_acc":0.9036357218496294,"fold0_train_acc":0.9760833112699674,"fold0_train_loss":0.08212966471910477,"fold0_tmp_test_acc":0.9094599364631133,"fold0_val_acc":0.9066195939982348,"_step":278,"fold0_tmp_test_loss":0.4152967035770416,"_wandb":{"runtime":52},"_runtime":48.583269469,"fold0_val_loss":0.4430200755596161,"_timestamp":1.7457187229052386e+09}