{"_step":75,"fold0_train_loss":0.5742691631615162,"fold0_test_loss":0.5984675016254186,"_timestamp":1.7470951181822474e+09,"_wandb":{"runtime":86},"_runtime":86.577247148}