{"best_test_acc":0.49714192389351625,"fold0_val_loss":1.6385499238967896,"_step":386,"best_val_acc":0.491589090315205,"fold0_train_acc":0.8492569002123143,"_wandb":{"runtime":163},"best_epoch":286,"_runtime":62.048473426,"fold0_train_loss":0.4167202413082123,"fold0_val_acc":0.4861995753715499,"fold0_tmp_test_loss":1.6128777265548706,"_timestamp":1.7458759759254866e+09,"fold0_tmp_test_acc":0.492405683488486}