{"fold0_val_acc":0.5108606892046382,"_timestamp":1.7469453230476515e+09,"_wandb":{"runtime":221},"_step":1321,"fold0_tmp_test_loss":2.1180174350738525,"fold0_train_loss":0.1552741378545761,"fold0_val_loss":2.1517555713653564,"fold0_tmp_test_acc":0.5214764004572922,"fold0_train_acc":0.9614568022211334,"_runtime":221.503100168}