{"fold0_val_acc":0.507594316511514,"fold0_val_loss":2.0795681476593018,"_step":1162,"fold0_train_acc":0.9625183733463988,"_wandb":{"runtime":385},"_runtime":385.609783711,"fold0_tmp_test_acc":0.509227502858076,"_timestamp":1.7460326804284794e+09,"fold0_train_loss":0.14562742412090302,"fold0_tmp_test_loss":1.9856927394866943}