{"fold0_train_acc": 0.8990380372429618, "fold0_train_loss": 0.3276037275791168, "fold0_val_acc": 0.8351279788172992, "fold0_val_loss": 0.5703223347663879, "fold0_tmp_test_acc": 0.830215319449347, "fold0_tmp_test_loss": 0.5829938650131226, "_timestamp": 1745739490.2731948, "_runtime": 413.8142397403717, "_step": 1410, "best_test_acc": 0.8344511118955171, "best_val_acc": 0.8430714916151809, "best_epoch": 1411, "test_acc": 82.91210730674197, "val_acc": 83.06443071491616, "test_acc_std": 0.8806830038030524, "_wandb": {"runtime": 413}}