{"fold0_train_loss":0.3539723037928343,"fold0_test_loss":0.4451802182942629,"_timestamp":1.7471869698103511e+09,"_runtime":52.549886812,"_wandb":{"runtime":52},"_step":31}