{"fold0_val_acc":0.2678425608361914,"fold0_val_loss":NaN,"fold0_tmp_test_loss":NaN,"_step":100,"_wandb":{"runtime":27},"_timestamp":1.7456145389697473e+09,"best_epoch":0,"_runtime":21.008276328,"fold0_tmp_test_acc":0.2678425608361914,"fold0_train_acc":0.2678425608361914,"best_test_acc":0.3659970602645762,"fold0_train_loss":NaN,"best_val_acc":0.3628940062061081}