{"best_epoch":457,"_runtime":109.539698729,"fold0_train_loss":0.27797698974609375,"fold0_val_loss":1.811923861503601,"best_val_acc":0.5108606892046382,"fold0_val_acc":0.4981218357014535,"_timestamp":1.7456974184499238e+09,"fold0_tmp_test_acc":0.5069410419728891,"fold0_tmp_test_loss":1.8056211471557617,"fold0_train_acc":0.9150743099787686,"_step":657,"_wandb":{"runtime":120},"best_test_acc":0.5103707333006696}