{"_runtime":1037.567934344,"fold0_train_loss":0.2727431058883667,"fold0_val_loss":1.743309736251831,"best_test_acc":0.4176057488159399,"best_val_acc":0.42283194512493877,"fold0_val_acc":0.5173934345908868,"fold0_tmp_test_loss":1.7261269092559814,"fold0_tmp_test_acc":0.5255593663236975,"_step":598,"fold0_train_acc":0.9155642658827372,"best_epoch":114,"_timestamp":1.7459445845114293e+09,"_wandb":{"runtime":1077}}