{"_runtime":79.780375482,"_step":47,"_wandb":{"runtime":79},"fold0_train_loss":1.3832725378870965,"fold0_test_loss":0.9644709348678588,"_timestamp":1.7472950671899014e+09}