{"fold0_train_acc": 0.899655811490601, "fold0_train_loss": 0.2919479012489319, "fold0_val_acc": 0.7371579876434246, "fold0_val_loss": 0.933843731880188, "fold0_tmp_test_acc": 0.738439816448994, "fold0_tmp_test_loss": 0.9193388819694519, "_timestamp": 1745740634.7571332, "_runtime": 72.71199536323547, "_step": 296, "best_test_acc": 0.7363219202259089, "best_val_acc": 0.7421006178287731, "best_epoch": 85, "test_acc": 73.96223085068831, "val_acc": 73.76169461606354, "test_acc_std": 0.396068772490389, "_wandb": {"runtime": 72}}