{"fold0_tmp_test_acc":0.8020983301204624,"_step":341,"_runtime":416.597563856,"_wandb":{"runtime":416},"fold0_train_loss":0.4364900588989258,"fold0_val_acc":0.8099161042159702,"fold0_val_loss":0.4378485381603241,"fold0_tmp_test_loss":0.43917086720466614,"fold0_train_acc":0.8113024168903524,"_timestamp":1.7459713619408317e+09}