{"fold0_test_loss":0.5461764311790467,"_timestamp":1.747090331194262e+09,"_runtime":456.766641807,"_step":409,"_wandb":{"runtime":456},"fold0_train_loss":0.034933302532881495}