{"_wandb":{"runtime":165},"fold0_val_loss":0.3661632835865021,"best_test_acc":0.9080480056477233,"best_epoch":279,"fold0_train_loss":0.06033634766936302,"fold0_val_acc":0.9177405119152692,"best_val_acc":0.9119152691968226,"fold0_tmp_test_acc":0.9175785386516061,"fold0_train_acc":0.9835848557055864,"_timestamp":1.7458138281605628e+09,"_step":522,"_runtime":161.774852655,"fold0_tmp_test_loss":0.3679579794406891}