{"best_test_acc":0.36861015841907563,"fold0_train_acc":0.3693450922750286,"_timestamp":1.7460284109285746e+09,"fold0_tmp_test_loss":1.3931119441986084,"fold0_train_loss":1.3916525840759277,"_wandb":{"runtime":184},"fold0_val_loss":1.394301414489746,"_runtime":165.967778783,"best_epoch":98,"fold0_val_acc":0.36893679568838805,"_step":186,"best_val_acc":0.36910011432304424,"fold0_tmp_test_acc":0.36910011432304424}