{"fold0_val_acc":0.4324677445696554,"fold0_tmp_test_loss":2.4518916606903076,"_step":552,"fold0_train_acc":0.9066634002939735,"best_val_acc":0.44096031357177856,"fold0_val_loss":2.414147138595581,"_timestamp":1.7458467448154953e+09,"fold0_train_loss":0.2806966006755829,"_runtime":50.836253816,"fold0_tmp_test_acc":0.43655071043606075,"_wandb":{"runtime":55},"best_test_acc":0.43851053405193535,"best_epoch":452}