{"_wandb":{"runtime":423},"val_acc":91.1791703442189,"best_epoch":726,"fold0_tmp_test_loss":0.34905585646629333,"best_val_acc":0.9175639894086496,"fold0_val_acc":0.9161518093556928,"best_test_acc":0.9172255559477586,"fold0_train_loss":0.08570460975170135,"_runtime":423.798504507,"test_acc_std":0.6555317431866583,"_step":662,"fold0_tmp_test_acc":0.914754677020826,"test_acc":91.35545358277446,"fold0_train_acc":0.9765245785897096,"fold0_val_loss":0.3367862403392792,"_timestamp":1.7458144203255465e+09}