{"_runtime":113.599453213,"_step":136,"_wandb":{"runtime":113},"fold0_train_loss":0.052995188385248186,"fold0_test_loss":0.5683719313144684,"_timestamp":1.74708329617523e+09}