{"fold0_train_acc": 0.9313388050480982, "fold0_train_loss": 0.2157479226589203, "fold0_val_acc": 0.8224183583406884, "fold0_val_loss": 0.7026243209838867, "fold0_tmp_test_acc": 0.8268619837627956, "fold0_tmp_test_loss": 0.6968751549720764, "_timestamp": 1745734442.4427345, "_runtime": 38.793827533721924, "_step": 323, "best_test_acc": 0.8051535474761736, "best_val_acc": 0.8165931156222418, "best_epoch": 140, "test_acc": 81.84962936816096, "val_acc": 81.81288614298323, "test_acc_std": 1.0728932364621933, "_wandb": {"runtime": 38}}