{"_runtime":709.410806677,"best_epoch":339,"fold0_train_loss":0.0869510388188064,"_timestamp":1.7473019207431266e+09,"_step":502,"best_test_loss":1.8861419475078582,"fold0_test_loss":2.096620737314224,"best_train_loss":0.04598371001891792,"_wandb":{"runtime":761}}