{"best_epoch":86,"_runtime":31.50151835,"best_val_acc":0.42952800914584355,"fold0_tmp_test_acc":0.2678425608361914,"fold0_val_loss":NaN,"fold0_tmp_test_loss":NaN,"fold0_train_acc":0.2678425608361914,"fold0_train_loss":NaN,"_timestamp":1.745697752988911e+09,"_wandb":{"runtime":33},"_step":186,"fold0_val_acc":0.2678425608361914,"best_test_acc":0.43638739180140457}