{"fold0_val_loss":2.0271575450897217,"_runtime":44.55793011,"fold0_val_acc":0.4342642495508738,"fold0_train_acc":0.844520659807284,"fold0_train_loss":0.44021472334861755,"fold0_tmp_test_acc":0.4484729707659644,"best_epoch":338,"_wandb":{"runtime":46},"_step":438,"best_val_acc":0.4342642495508738,"fold0_tmp_test_loss":2.0021228790283203,"_timestamp":1.7457173909893036e+09,"best_test_acc":0.43867385268659154}