{"_step":0,"_wandb":{"runtime":1},"fold0_train_loss":0.5890718706836924,"fold0_test_loss":0.8143254527263344,"_timestamp":1.7473009183021197e+09,"_runtime":1.8444611659999999}