{"_wandb":{"runtime":4118},"best_test_acc":0.7700404517107703,"val_acc":78.88602601181096,"fold0_tmp_test_loss":0.12460654228925705,"_timestamp":1.7468589101805322e+09,"test_acc_std":1.1627448081466767,"_runtime":4118.343376805,"test_acc":79.05383286886212,"fold0_train_loss":0.08100350201129913,"best_epoch":510,"fold0_val_loss":0.12266191095113754,"_step":737,"fold0_val_acc":0.7687308706971696,"fold0_tmp_test_acc":0.7747390379788922,"fold0_train_acc":0.933088281985118,"best_val_acc":0.7810931195123217}