{"best_test_acc":0.9084009883515708,"_timestamp":1.7457700711860452e+09,"best_epoch":212,"_runtime":766.743295725,"fold0_train_acc":0.9897625981819786,"fold0_val_acc":0.9119152691968226,"fold0_tmp_test_acc":0.914754677020826,"_step":247,"best_val_acc":0.9075022065313327,"fold0_tmp_test_loss":0.4348367750644684,"_wandb":{"runtime":809},"fold0_train_loss":0.03586656600236893,"fold0_val_loss":0.4339471459388733}