{"fold0_train_loss":0.0019906782545149326,"best_epoch":1745,"best_test_acc":0.988881,"_wandb":{"runtime":2785},"fold0_train_acc":1,"_runtime":2785.236491231,"fold0_tmp_test_loss":0.12308858335018158,"val_acc":98.82003999999999,"_timestamp":1.7466588508067305e+09,"_step":2009,"fold0_val_loss":0.12149696797132492,"test_acc":98.85194499999999,"best_val_acc":0.987716,"test_acc_std":0.19419531205721666,"fold0_tmp_test_acc":0.990426,"fold0_val_acc":0.989983}