{"fold0_train_loss":0.18711356818675995,"_runtime":527.140842889,"fold0_train_acc":0.9453699167074964,"fold0_val_loss":1.9721801280975342,"_timestamp":1.7459515407049508e+09,"_step":2999,"fold0_tmp_test_loss":1.9625310897827148,"best_test_acc":0.5155969296096684,"best_val_acc":0.516740160052262,"fold0_tmp_test_acc":0.5160868855136371,"_wandb":{"runtime":750},"fold0_val_acc":0.5113506451086068,"best_epoch":1993}