{"_timestamp":1.746995845922269e+09,"fold0_tmp_test_loss":0.12538966536521912,"_runtime":2007.482385311,"fold0_train_loss":0.019399212673306465,"best_test_acc":0.9906449999999999,"_wandb":{"runtime":2187},"fold0_val_acc":0.983781,"fold0_val_loss":0.13382214307785034,"fold0_tmp_test_acc":0.9857370000000001,"best_val_acc":0.990614,"best_epoch":1936,"_step":2007,"fold0_train_acc":0.9999312499999999}