{"_timestamp":1.7471833935016122e+09,"_runtime":30.557706755,"_step":34,"_wandb":{"runtime":30},"fold0_train_loss":NaN,"fold0_test_loss":NaN}