{"fold0_train_acc": 0.9967346218339069, "fold0_train_loss": 0.02003517560660839, "fold0_val_acc": 0.8743159752868491, "fold0_val_loss": 0.7486717104911804, "fold0_tmp_test_acc": 0.8753971055418285, "fold0_tmp_test_loss": 0.7537438273429871, "_timestamp": 1745747678.0193024, "_runtime": 52.9372763633728, "_step": 307, "best_test_acc": 0.8452170843628662, "best_val_acc": 0.8506619593998235, "best_epoch": 74, "test_acc": 85.63536886692553, "val_acc": 85.50750220653134, "test_acc_std": 0.8845879665420023, "_wandb": {"runtime": 52}}