{"_wandb":{"runtime":2847},"fold0_tmp_test_acc":0.9798260000000001,"_timestamp":1.7459007437288113e+09,"best_epoch":2037,"fold0_train_acc":0.997977,"fold0_tmp_test_loss":0.14321300387382507,"val_acc":97.69391999999998,"test_acc":97.63461000000001,"fold0_train_loss":0.06320460140705109,"best_val_acc":0.97082,"best_test_acc":0.972587,"fold0_val_loss":0.15069377422332764,"test_acc_std":0.38593489463897834,"_step":3009,"_runtime":2847.827196461,"fold0_val_acc":0.9775450000000001}