{"_runtime":11.619294,"fold0_val_acc":0.8505910000000001,"fold0_tmp_test_loss":0.3686698079109192,"fold0_val_loss":0.37008798122406006,"fold0_tmp_test_acc":0.8534669999999999,"fold0_train_loss":0.35827627778053284,"_wandb":{"runtime":11},"fold0_train_acc":0.8710071249999999,"_timestamp":1.746664304275938e+09,"_step":74}