{"fold0_train_acc":0.9916159209248963,"_wandb":{"runtime":626},"fold0_tmp_test_acc":0.9175785386516061,"best_val_acc":0.9149161518093557,"test_acc_std":0.6968525857658062,"_step":1040,"test_acc":91.65548888104483,"fold0_tmp_test_loss":0.4025672376155853,"fold0_val_loss":0.3976844251155853,"val_acc":91.6134157105031,"_timestamp":1.745816205935271e+09,"_runtime":626.621244134,"best_epoch":515,"fold0_train_loss":0.035186946392059326,"fold0_val_acc":0.9207413945278023,"best_test_acc":0.915460642428521}