{"test_acc_std":0.49045546307431975,"fold0_val_loss":0.39124831557273865,"_wandb":{"runtime":348},"best_test_acc":0.9152841510765972,"best_epoch":487,"test_acc":91.53900458877516,"fold0_tmp_test_acc":0.9098129191669608,"fold0_train_acc":0.9784661547965757,"best_val_acc":0.916504854368932,"fold0_tmp_test_loss":0.3904905617237091,"_step":389,"val_acc":91.33451015004414,"fold0_train_loss":0.07294609397649765,"fold0_val_acc":0.9122683142100618,"_runtime":348.120538649,"_timestamp":1.7458147812714145e+09}