{"fold0_train_loss":0.3785748779773712,"best_val_acc":0.5165768414176057,"best_test_acc":0.5123305569165442,"_wandb":{"runtime":165},"fold0_tmp_test_acc":0.5200065327453862,"_runtime":162.350105461,"fold0_tmp_test_loss":1.646140456199646,"_step":977,"fold0_val_loss":1.6103309392929077,"fold0_val_acc":0.5100440960313571,"_timestamp":1.7457004196362529e+09,"best_epoch":877,"fold0_train_acc":0.8730197615547934}