{"fold0_train_acc": 0.6093901685641161, "fold0_train_loss": 1.3434250354766846, "fold0_val_acc": 0.5996469549867608, "fold0_val_loss": 1.3836792707443237, "fold0_tmp_test_acc": 0.592481468408048, "fold0_tmp_test_loss": 1.3848642110824585, "_timestamp": 1745762573.945922, "_runtime": 2031.0124487876892, "_step": 342, "best_test_acc": 0.6943169784680551, "best_val_acc": 0.7029126213592233, "best_epoch": 439, "test_acc": 69.13872220261207, "val_acc": 69.18093556928507, "test_acc_std": 0.6763189135969975, "_wandb": {"runtime": 2030}}