{"best_epoch":182,"test_acc":86.21073067419698,"best_test_acc":0.8561595481821391,"fold0_train_loss":0.07763796299695969,"fold0_train_acc":0.9789956755802666,"fold0_val_acc":0.8660194174757282,"_wandb":{"runtime":261},"_step":390,"_runtime":261.823556997,"_timestamp":1.7457059201956728e+09,"test_acc_std":0.6636192179269031,"fold0_val_loss":0.5557448267936707,"fold0_tmp_test_acc":0.8701023649841158,"best_val_acc":0.8619593998234775,"val_acc":86.25242718446601,"fold0_tmp_test_loss":0.5469428896903992}