{"_runtime":16.782924103,"_wandb":{"runtime":16},"_step":58,"fold0_train_loss":0.1376237141340971,"fold0_test_loss":0.8590283145010471,"_timestamp":1.747300530542941e+09}