{"fold0_tmp_test_loss":0.5240762233734131,"best_val_acc":0.8506619593998235,"test_acc":85.84009883515706,"fold0_val_loss":0.5306335687637329,"val_acc":86.08296557811121,"best_test_acc":0.84539357571479,"fold0_train_loss":0.12636058032512665,"_timestamp":1.7457062140634174e+09,"best_epoch":242,"fold0_val_acc":0.8651368049426302,"_wandb":{"runtime":237},"fold0_tmp_test_acc":0.8667490292975644,"test_acc_std":0.7238749283995917,"_runtime":237.204048218,"_step":325,"fold0_train_acc":0.9621392639661107}