{"fold0_val_loss":1.5883857011795044,"fold0_tmp_test_loss":1.5791817903518677,"fold0_val_acc":0.4799934672546137,"_step":1999,"best_test_acc":0.4865262126408623,"fold0_train_loss":0.43081849813461304,"fold0_tmp_test_acc":0.4861995753715499,"_wandb":{"runtime":554},"best_val_acc":0.4863628940062061,"best_epoch":1770,"fold0_train_acc":0.9064184223419892,"_timestamp":1.7469352427346046e+09,"_runtime":505.131538316}