{"fold0_val_acc":0.8739629302736099,"best_epoch":314,"_step":349,"fold0_val_loss":0.5228003859519958,"fold0_tmp_test_loss":0.5330430269241333,"_runtime":116.764593697,"_wandb":{"runtime":117},"best_test_acc":0.8596893752206142,"fold0_tmp_test_acc":0.8711613130956584,"_timestamp":1.745707844208601e+09,"best_val_acc":0.8633715798764342,"fold0_train_acc":0.969111287618039,"fold0_train_loss":0.10308218747377396}