{"_timestamp":1.7470916062417803e+09,"_runtime":117.602109323,"_step":137,"_wandb":{"runtime":117},"fold0_train_loss":0.07644900791347027,"fold0_test_loss":0.4743249824643135}