{"best_test_acc":0.8155665372396752,"fold0_tmp_test_loss":1.60835862159729,"fold0_train_loss":0.00028627176652662456,"_runtime":25.373359424,"_wandb":{"runtime":31},"_timestamp":1.7457258293403516e+09,"fold0_train_acc":1,"fold0_tmp_test_acc":0.8249205788916343,"best_val_acc":0.8183583406884378,"fold0_val_acc":0.8199470432480142,"fold0_val_loss":1.678660273551941,"_step":194,"best_epoch":34}