{"_timestamp":1.745697836930513e+09,"fold0_tmp_test_loss":1.7867283821105957,"_wandb":{"runtime":68},"fold0_val_acc":0.496162012085579,"best_test_acc":0.49501878164298546,"_step":390,"fold0_tmp_test_acc":0.5095541401273885,"best_epoch":290,"fold0_train_loss":0.37623298168182373,"_runtime":65.347663229,"fold0_val_loss":1.748071312904358,"fold0_train_acc":0.8708966193042627,"best_val_acc":0.5020414829332027}