{"best_test_acc":0.5193532582067614,"_timestamp":1.7458587670599816e+09,"fold0_tmp_test_loss":1.725684642791748,"test_acc":51.46170178017312,"fold0_train_acc":0.9358157765801078,"test_acc_std":0.8274309390527997,"_wandb":{"runtime":1081},"fold0_train_loss":0.2341444492340088,"_step":704,"_runtime":1081.228093428,"best_epoch":972,"fold0_val_loss":1.7468105554580688,"fold0_tmp_test_acc":0.52588600359301,"val_acc":51.99902008819206,"best_val_acc":0.5219663563612609,"fold0_val_acc":0.5172301159562306}