{"fold0_test_loss":0.47725378766655924,"_timestamp":1.7470941490469913e+09,"_runtime":200.556051173,"_step":242,"_wandb":{"runtime":200},"fold0_train_loss":0.1003986257314682}