{"_runtime":90.562403794,"_step":51,"_wandb":{"runtime":90},"fold0_train_loss":0.6201516011729836,"fold0_test_loss":0.8153054554387927,"_timestamp":1.7471850565114152e+09}