{"best_epoch":511,"val_acc":51.98595459741957,"fold0_tmp_test_loss":1.6790063381195068,"test_acc_std":0.5683957773083125,"best_test_acc":0.5074309978768577,"best_val_acc":0.5170667973215743,"test_acc":51.48456638902499,"fold0_train_loss":0.2820439338684082,"_timestamp":1.7458560544597232e+09,"_wandb":{"runtime":1137},"fold0_val_loss":1.6963673830032349,"fold0_val_acc":0.5160868855136371,"fold0_tmp_test_acc":0.5209864445533235,"_step":594,"fold0_train_acc":0.9149926506614404,"_runtime":1137.118876724}