{"fold0_train_acc": 0.9996469861442061, "fold0_train_loss": 0.004142587073147297, "fold0_val_acc": 0.888261253309797, "fold0_val_loss": 0.7301321625709534, "fold0_tmp_test_acc": 0.8849276385457112, "fold0_tmp_test_loss": 0.7217282056808472, "_timestamp": 1745741277.921667, "_runtime": 260.7114861011505, "_step": 297, "best_test_acc": 0.861277797387928, "best_val_acc": 0.8714916151809355, "best_epoch": 79, "test_acc": 88.00211789622307, "val_acc": 88.0794351279788, "test_acc_std": 1.0348716065401105, "_wandb": {"runtime": 260}}