{"fold0_tmp_test_acc":0.5100440960313571,"fold0_val_loss":1.6370702981948853,"best_epoch":751,"fold0_train_acc":0.884207088028744,"_runtime":582.262514718,"test_acc":50.25967662910338,"_wandb":{"runtime":582},"best_val_acc":0.5134737873591376,"val_acc":50.908051608688545,"fold0_tmp_test_loss":1.630928635597229,"test_acc_std":0.564156559746711,"best_test_acc":0.5012248897599216,"_step":822,"fold0_val_acc":0.5067777233382329,"fold0_train_loss":0.349073201417923,"_timestamp":1.7458507473180552e+09}