{"fold0_val_loss":0.358408123254776,"fold0_val_acc":0.9142100617828773,"val_acc":91.24448367166815,"fold0_tmp_test_acc":0.9122837980938934,"fold0_tmp_test_loss":0.3609711229801178,"best_test_acc":0.9172255559477586,"fold0_train_acc":0.9772306063012973,"_wandb":{"runtime":378},"_timestamp":1.7458098385275998e+09,"best_epoch":390,"test_acc_std":0.35174509476464916,"fold0_train_loss":0.08196534216403961,"_runtime":378.995077594,"_step":483,"test_acc":91.31662548535122,"best_val_acc":0.9149161518093557}