{"fold0_train_acc":0.8119243783099201,"fold0_train_loss":0.4147367775440216,"best_test_acc":0.8346242432129795,"fold0_val_loss":0.4195026159286499,"fold0_tmp_test_acc":0.7925227544471829,"_wandb":{"runtime":5381},"fold0_tmp_test_loss":0.4289034307003021,"test_acc_std":1.0350996579679763,"best_epoch":319,"_timestamp":1.7459315859881942e+09,"_runtime":5381.206494097,"best_val_acc":0.8314969674504995,"test_acc":83.78496539046549,"_step":602,"val_acc":83.91852984824354,"fold0_val_acc":0.8068950956471678}