{"_step":1648,"best_test_acc":0.983359,"best_epoch":611,"fold0_train_loss":0.02727985382080078,"_timestamp":1.7466774382508087e+09,"fold0_val_loss":0.13803346455097198,"fold0_tmp_test_loss":0.1278694123029709,"_runtime":680.045326228,"fold0_train_acc":0.9997874999999999,"best_val_acc":0.9816889999999999,"fold0_val_acc":0.9831909999999999,"_wandb":{"runtime":689},"fold0_tmp_test_acc":0.985428}