{"_step":1,"_wandb":{"runtime":2},"fold0_train_loss":1.3476191677339375,"fold0_test_loss":0.931656159888953,"_timestamp":1.747300894572168e+09,"_runtime":2.847300789}