{"_timestamp":1.747298048276557e+09,"_runtime":251.59493765,"_step":159,"_wandb":{"runtime":251},"fold0_train_loss":0.15409547965973616,"fold0_test_loss":0.16767597023397685}