{"fold0_train_acc": 0.99770540993734, "fold0_train_loss": 0.012593526393175125, "fold0_val_acc": 0.8746690203000883, "fold0_val_loss": 0.6660712361335754, "fold0_tmp_test_acc": 0.8766325450052947, "fold0_tmp_test_loss": 0.6517361402511597, "_timestamp": 1745747611.3981278, "_runtime": 151.74361872673035, "_step": 307, "best_test_acc": 0.8464525238263325, "best_val_acc": 0.8518976169461606, "best_epoch": 89, "test_acc": 84.69466996117191, "val_acc": 84.63018534863194, "test_acc_std": 1.0127220797180556, "_wandb": {"runtime": 151}}