{"_wandb":{"runtime":177},"fold0_test_loss":NaN,"_timestamp":1.7473034923603885e+09,"_runtime":177.781239906,"_step":73,"fold0_train_loss":NaN}