{"fold0_test_loss":NaN,"_timestamp":1.7470943156525552e+09,"_runtime":33.779736782,"_step":38,"fold0_train_loss":NaN,"_wandb":{"runtime":33}}