{"fold0_tmp_test_acc":0.5173934345908868,"_runtime":155.168062149,"_wandb":{"runtime":155},"fold0_val_acc":0.5123305569165442,"fold0_tmp_test_loss":1.6161161661148071,"fold0_train_acc":0.8899232402417115,"fold0_val_loss":1.5819371938705444,"_step":1442,"fold0_train_loss":0.3411398231983185,"_timestamp":1.7460344463428197e+09}