{"fold0_test_loss":0.25561502270400527,"_timestamp":1.7472074501475415e+09,"_runtime":36.806832585,"_wandb":{"runtime":36},"_step":20,"fold0_train_loss":0.1955060589313507}