{"_timestamp":1.7471898827963805e+09,"_wandb":{"runtime":99},"_runtime":99.807163287,"_step":120,"fold0_train_loss":0.21426418533548713,"fold0_test_loss":0.5933387735486031}