{"_timestamp":1.7457258671126711e+09,"best_val_acc":0.9064430714916152,"fold0_tmp_test_acc":0.9015178256265443,"best_test_acc":0.8997529121073068,"_runtime":25.406063378,"fold0_tmp_test_loss":0.44360536336898804,"best_epoch":226,"_step":326,"_wandb":{"runtime":28},"fold0_train_loss":0.05254523828625679,"fold0_train_acc":0.9859676992321948,"fold0_val_loss":0.4501292407512665,"fold0_val_acc":0.9115622241835835}