{"best_test_acc":0.899576420755383,"_wandb":{"runtime":50},"fold0_tmp_test_acc":0.9052241440169432,"fold0_tmp_test_loss":0.3690633177757263,"_step":369,"_runtime":29.593202046000002,"fold0_train_loss":0.095988430082798,"fold0_val_acc":0.9041482789055605,"fold0_val_loss":0.3657512664794922,"best_val_acc":0.9011473962930273,"best_epoch":269,"fold0_train_acc":0.9725531727120289,"_timestamp":1.745808413334618e+09}