{"val_acc":85.83053839364518,"test_acc":85.5541828450406,"fold0_train_loss":0.11065851897001266,"test_acc_std":0.6625951715787446,"best_epoch":332,"_wandb":{"runtime":241},"best_test_acc":0.8602188492763855,"fold0_tmp_test_loss":0.5169564485549927,"_timestamp":1.7457095429886408e+09,"fold0_tmp_test_acc":0.8630427109071656,"fold0_val_loss":0.5248187184333801,"_runtime":241.545903972,"fold0_val_acc":0.8658428949691086,"best_val_acc":0.8693733451015004,"fold0_train_acc":0.9679639925867091,"_step":354}