{"fold0_tmp_test_loss":1.4568610191345215,"fold0_val_acc":0.400130654907725,"fold0_val_loss":1.477699875831604,"_wandb":{"runtime":41},"_step":245,"_timestamp":1.7456974875149415e+09,"fold0_tmp_test_acc":0.4038869835048179,"fold0_train_loss":1.3814970254898071,"_runtime":41.595721681,"fold0_train_acc":0.42895639392454676}