{"_step":1085,"fold0_train_loss":0.1315407007932663,"fold0_tmp_test_acc":0.9769019999999999,"_timestamp":1.7458966510910404e+09,"val_acc":96.92519,"test_acc":96.969615,"_runtime":813.895570248,"fold0_tmp_test_loss":0.16483157873153687,"best_epoch":536,"fold0_val_loss":0.1804410070180893,"best_test_acc":0.966278,"test_acc_std":0.651629462213768,"_wandb":{"runtime":813},"fold0_train_acc":0.988016,"fold0_val_acc":0.9692080000000001,"best_val_acc":0.960288}