{"_wandb":{"runtime":111},"fold0_train_loss":0.030799764730036257,"fold0_test_loss":0.43161087393760683,"_timestamp":1.7470834134861343e+09,"_runtime":111.594859518,"_step":135}