{"_wandb":{"runtime":261},"fold0_val_acc":0.40568348848603625,"_timestamp":1.7459383494163144e+09,"_step":525,"best_epoch":425,"_runtime":160.818863103,"fold0_train_loss":0.909476101398468,"best_val_acc":0.4104197288910665,"best_test_acc":0.4182590233545648,"fold0_tmp_test_acc":0.416952474277315,"fold0_tmp_test_loss":1.7292872667312622,"fold0_train_acc":0.6302466111383309,"fold0_val_loss":1.6666300296783447}