{"_timestamp":1.745709263753141e+09,"_step":456,"best_test_acc":0.8577479703494528,"_wandb":{"runtime":32},"best_epoch":356,"fold0_val_acc":0.8593115622241836,"fold0_tmp_test_loss":0.5145587921142578,"best_val_acc":0.8635481023830538,"fold0_tmp_test_acc":0.861277797387928,"fold0_train_acc":0.9654046421322037,"fold0_train_loss":0.120140939950943,"_runtime":30.396714657,"fold0_val_loss":0.5349763631820679}