{"fold0_val_loss":1.7629709243774414,"fold0_tmp_test_loss":1.7298904657363892,"_timestamp":1.7460241840559177e+09,"fold0_train_loss":0.2652021050453186,"best_epoch":415,"best_val_acc":0.5204964886493549,"_step":593,"fold0_tmp_test_acc":0.5182100277641679,"fold0_train_acc":0.9211987587783766,"fold0_val_acc":0.5085742283194512,"_wandb":{"runtime":476},"best_test_acc":0.5159235668789809,"_runtime":457.61137554}