{"_runtime":26.473481976,"_wandb":{"runtime":30},"best_test_acc":0.8845746558418638,"fold0_train_acc":0.9674344718030182,"best_val_acc":0.8894969108561341,"best_epoch":238,"fold0_tmp_test_loss":0.4280377924442291,"fold0_train_loss":0.10987651348114014,"_step":338,"fold0_val_acc":0.8894969108561341,"_timestamp":1.7457280763964584e+09,"fold0_tmp_test_acc":0.8870455347687963,"fold0_val_loss":0.40847593545913696}