{"best_val_acc":0.7875269152393651,"fold0_train_acc":0.9166532451263933,"fold0_train_loss":0.08910330384969711,"_runtime":1968.738891436,"fold0_tmp_test_loss":0.11899155378341675,"_wandb":{"runtime":1979},"best_test_acc":0.7775759681742933,"fold0_val_acc":0.7623991364032581,"fold0_tmp_test_acc":0.7678173392841062,"_timestamp":1.746682772831916e+09,"fold0_val_loss":0.11810807138681412,"_step":844,"best_epoch":395}