{"fold0_train_acc": 0.425281724644782, "fold0_train_loss": 1.3335286378860474, "fold0_val_acc": 0.4071533561979422, "fold0_val_loss": 1.361039638519287, "fold0_tmp_test_acc": 0.4038869835048179, "fold0_tmp_test_loss": 1.3578418493270874, "_timestamp": 1745616546.802035, "_runtime": 45.933709144592285, "_step": 706, "best_test_acc": 0.4042136207741303, "best_val_acc": 0.4050302139474114, "best_epoch": 506}