{"test_acc":79.11324401016832,"fold0_tmp_test_loss":0.11974120140075684,"fold0_train_loss":0.09039659053087234,"_step":878,"fold0_val_acc":0.7725270018299477,"fold0_val_loss":0.1172175258398056,"best_test_acc":0.7790032070448779,"_runtime":3995.725408908,"_timestamp":1.7468365353896828e+09,"fold0_tmp_test_acc":0.7743706549621457,"_wandb":{"runtime":3995},"test_acc_std":1.2150026533667475,"best_epoch":1344,"val_acc":78.87412846578805,"fold0_train_acc":0.907226474781936,"best_val_acc":0.7893615964994314}