{"_step":104,"fold0_tmp_test_loss":1.3956243991851807,"fold0_train_acc":0.3674669279764821,"fold0_val_loss":1.397321105003357,"fold0_train_loss":1.39491868019104,"fold0_tmp_test_acc":0.36812020251510696,"_wandb":{"runtime":39},"_runtime":39.044527204,"_timestamp":1.7460282267369494e+09,"fold0_val_acc":0.36697697207251345}