{"fold0_test_loss":0.07556464726105333,"_timestamp":1.7470870064113758e+09,"_runtime":52.562038829,"_step":61,"_wandb":{"runtime":52},"fold0_train_loss":0.04173155433498323}