{"fold0_test_loss":0.37155178900808095,"_timestamp":1.7471932765436313e+09,"_runtime":642.573497694,"_step":401,"_wandb":{"runtime":642},"fold0_train_loss":0.009589966326020659}