{"fold0_tmp_test_acc":0.591036321110852,"_timestamp":1.7469084648081043e+09,"fold0_val_loss":0.1535390019416809,"best_epoch":0,"best_test_acc":0.5779074089894229,"fold0_train_loss":0.14921623468399048,"fold0_train_acc":0.5820767019378973,"fold0_tmp_test_loss":0.14914429187774658,"best_val_acc":0.5797682836014755,"fold0_val_acc":0.558271767429241,"_runtime":184.62616398,"_step":300,"_wandb":{"runtime":266}}