{"fold0_train_acc": 0.9991174653605154, "fold0_train_loss": 0.006825770251452923, "fold0_val_acc": 0.906090026478376, "fold0_val_loss": 0.5659908652305603, "fold0_tmp_test_acc": 0.9024002823861631, "fold0_tmp_test_loss": 0.5842792391777039, "_timestamp": 1745747031.660193, "_runtime": 212.8779480457306, "_step": 283, "best_test_acc": 0.8898693963995764, "best_val_acc": 0.8884377758164166, "best_epoch": 74, "test_acc": 88.83162725026473, "val_acc": 88.87555163283321, "test_acc_std": 0.608667473299968, "_wandb": {"runtime": 212}}