{"fold0_val_acc":0.39348296185973475,"_wandb":{"runtime":5},"_runtime":5.840956284,"fold0_train_acc":0.4154877070236508,"fold0_tmp_test_loss":0.6783441305160522,"fold0_val_loss":0.678238570690155,"fold0_tmp_test_acc":0.4153158904571366,"_timestamp":1.7460357747969294e+09,"fold0_train_loss":0.6782243251800537,"_step":6}