{"best_val_acc":0.48015678588926997,"fold0_train_loss":0.728283166885376,"fold0_val_loss":1.4536076784133911,"fold0_val_acc":0.46741793238608526,"_runtime":77.721228156,"fold0_tmp_test_acc":0.4726441286950841,"_timestamp":1.7456971807741811e+09,"best_epoch":352,"_wandb":{"runtime":83},"_step":452,"best_test_acc":0.4845663890249878,"fold0_train_acc":0.7119875877837661,"fold0_tmp_test_loss":1.4386192560195923}