{"fold0_train_loss":0.08483559638261795,"fold0_test_loss":0.618280732780695,"_wandb":{"runtime":364},"_timestamp":1.7472017194659767e+09,"_runtime":364.778146517,"_step":226}