{"_timestamp":1.7470606993656058e+09,"_wandb":{"runtime":25},"_runtime":25.717504124,"_step":95,"fold0_train_loss":0.017993868466001005,"fold0_test_loss":0.0269350482232403}