{"best_test_acc":0.9859279999999999,"best_epoch":1056,"fold0_train_acc":0.9979475,"_runtime":145.734238378,"_wandb":{"runtime":150},"fold0_train_loss":0.06593934446573257,"fold0_val_acc":0.9818319999999999,"fold0_tmp_test_loss":0.1278393566608429,"best_val_acc":0.984537,"_step":1256,"fold0_val_loss":0.13459037244319916,"fold0_tmp_test_acc":0.984411,"_timestamp":1.7466718857946174e+09}