{"fold0_tmp_test_loss":1.672471523284912,"best_epoch":268,"best_test_acc":0.5000816593173281,"fold0_train_acc":0.8234525559366324,"fold0_tmp_test_acc":0.49632533072023516,"_step":368,"_timestamp":1.745697556603551e+09,"fold0_val_loss":1.6820259094238281,"_runtime":62.019883281,"_wandb":{"runtime":68},"fold0_train_loss":0.4592820703983307,"fold0_val_acc":0.49093581577658013,"best_val_acc":0.49828515433610976}