{"fold0_train_acc": 0.9877327685111641, "fold0_train_loss": 0.04729577153921127, "fold0_val_acc": 0.8863195057369815, "fold0_val_loss": 0.5412655472755432, "fold0_tmp_test_acc": 0.8849276385457112, "fold0_tmp_test_loss": 0.5177128911018372, "_timestamp": 1745738958.1509461, "_runtime": 187.02693724632263, "_step": 322, "best_test_acc": 0.8718672785033533, "best_val_acc": 0.8764342453662842, "best_epoch": 141, "test_acc": 87.88033886339569, "val_acc": 87.85525154457193, "test_acc_std": 0.7619460966953984, "_wandb": {"runtime": 186}}