{"fold0_train_acc": 0.9966463683699586, "fold0_train_loss": 0.017044242471456528, "fold0_val_acc": 0.863901147396293, "fold0_val_loss": 0.7529409527778625, "fold0_tmp_test_acc": 0.8642781503706318, "fold0_tmp_test_loss": 0.7413637042045593, "_timestamp": 1745742513.5297394, "_runtime": 48.16767740249634, "_step": 284, "best_test_acc": 0.8266854924108719, "best_val_acc": 0.8375992939099736, "best_epoch": 71, "test_acc": 84.06636074832333, "val_acc": 83.9982347749338, "test_acc_std": 1.0005923445950553, "_wandb": {"runtime": 47}}