{"fold0_train_acc": 0.7678933898155502, "fold0_train_loss": 0.840066134929657, "fold0_val_acc": 0.6769638128861429, "fold0_val_loss": 1.2264742851257324, "fold0_tmp_test_acc": 0.6794917049064596, "fold0_tmp_test_loss": 1.205250859260559, "_timestamp": 1745765449.5165446, "_runtime": 407.82712864875793, "_step": 281, "best_test_acc": 0.8397458524532297, "best_val_acc": 0.8466019417475729, "best_epoch": 157, "test_acc": 84.38757500882457, "val_acc": 84.46248896734335, "test_acc_std": 0.6935997857842566, "_wandb": {"runtime": 407}}