{"_runtime":229.076696958,"fold0_val_loss":0.5319540500640869,"fold0_val_acc":0.84783759929391,"best_val_acc":0.8275375110326567,"best_test_acc":0.8254500529474056,"fold0_train_loss":0.15934675931930542,"fold0_tmp_test_acc":0.8464525238263325,"_wandb":{"runtime":258},"fold0_train_acc":0.9516371017562439,"_timestamp":1.7457051529330926e+09,"fold0_tmp_test_loss":0.5320348739624023,"_step":461,"best_epoch":260}