{"fold0_train_acc": 0.8612655546730209, "fold0_train_loss": 0.44005638360977173, "fold0_val_acc": 0.7853486319505737, "fold0_val_loss": 0.6994990706443787, "fold0_tmp_test_acc": 0.7980938933992234, "fold0_tmp_test_loss": 0.6796634197235107, "_timestamp": 1745737147.0019238, "_runtime": 329.34777569770813, "_step": 1242, "best_test_acc": 0.7793858100953053, "best_val_acc": 0.787819947043248, "best_epoch": 825, "test_acc": 78.45746558418638, "val_acc": 78.42012356575464, "test_acc_std": 1.2719431863285335, "_wandb": {"runtime": 329}}