{"_wandb":{"runtime":130},"best_test_acc":0.4394904458598726,"fold0_train_acc":0.7724154826065655,"_timestamp":1.745940313171698e+09,"fold0_val_loss":1.4838767051696777,"_step":445,"fold0_tmp_test_acc":0.43736730360934184,"_runtime":116.56064857,"fold0_val_acc":0.4336109750122489,"best_epoch":345,"best_val_acc":0.44030703903315366,"fold0_tmp_test_loss":1.4746400117874146,"fold0_train_loss":0.6502414345741272}