{"fold0_tmp_test_loss":0.11757603287696838,"best_test_acc":0.7948083507846755,"fold0_train_acc":0.888531365995301,"fold0_val_acc":0.7774264124367167,"fold0_train_loss":0.09675697982311249,"fold0_val_loss":0.1144673302769661,"_timestamp":1.746904724257774e+09,"_wandb":{"runtime":2868},"_runtime":2855.442774172,"best_val_acc":0.778947635788465,"best_epoch":1567,"_step":1497,"fold0_tmp_test_acc":0.775427548261523}