{"_wandb":{"runtime":1992},"fold0_tmp_test_loss":0.3975631594657898,"_timestamp":1.7469981730178611e+09,"_runtime":1992.031711702,"val_acc":84.72064835596035,"test_acc":84.58531595942836,"fold0_tmp_test_acc":0.8298645849431578,"fold0_val_loss":0.3853585124015808,"best_val_acc":0.8513222513234733,"best_test_acc":0.8463322433973467,"test_acc_std":0.6363303138312235,"best_epoch":533,"fold0_val_acc":0.8420996892095005,"_step":487,"fold0_train_acc":0.869743556869744,"fold0_train_loss":0.35312947630882263}