{"fold0_tmp_test_loss":0.21276113390922546,"_wandb":{"runtime":60},"fold0_train_loss":0.17101924121379852,"fold0_train_acc":0.8625,"best_val_acc":0.8109999999999999,"fold0_val_loss":0.23241247236728668,"best_test_acc":0.84075,"_step":650,"fold0_tmp_test_acc":0.84025,"best_epoch":550,"_timestamp":1.7458906826885533e+09,"_runtime":58.887238514,"fold0_val_acc":0.803}