{"fold0_tmp_test_loss":0.11499080061912537,"_wandb":{"runtime":4832},"fold0_val_acc":0.7737348827274879,"_runtime":3687.495981104,"best_test_acc":0.6940182494475986,"best_val_acc":0.6856392405428652,"_timestamp":1.746932025879031e+09,"fold0_tmp_test_acc":0.7831387710714854,"fold0_train_acc":0.871503674327047,"fold0_train_loss":0.09863843023777008,"_step":3002,"fold0_val_loss":0.11528664827346802,"best_epoch":1}