{"fold0_train_loss":0.09853098541498184,"best_val_acc":0.8979699911738747,"fold0_val_loss":0.40961602330207825,"fold0_val_acc":0.9027360988526038,"_wandb":{"runtime":256},"val_acc":89.84995586937336,"fold0_tmp_test_acc":0.8912813272149664,"test_acc_std":0.9118729338171467,"best_epoch":311,"_runtime":256.260222559,"best_test_acc":0.9041651959054007,"fold0_tmp_test_loss":0.43388041853904724,"_step":261,"test_acc":89.82527356159548,"fold0_train_acc":0.9700820757214721,"_timestamp":1.7457197334799287e+09}