{"fold0_train_acc": 0.9540199452828524, "fold0_train_loss": 0.16597452759742737, "fold0_val_acc": 0.8321270962047661, "fold0_val_loss": 0.600024938583374, "fold0_tmp_test_acc": 0.8408048005647724, "fold0_tmp_test_loss": 0.5744662284851074, "_timestamp": 1745733190.3669019, "_runtime": 213.67776083946228, "_step": 512, "best_test_acc": 0.8303918108012708, "best_val_acc": 0.8375992939099736, "best_epoch": 594, "test_acc": 83.9939992940346, "val_acc": 83.92939099735214, "test_acc_std": 1.2277114455023528, "_wandb": {"runtime": 213}}