{"fold0_train_acc": 0.9445768246403672, "fold0_train_loss": 0.17872491478919983, "fold0_val_acc": 0.8642541924095322, "fold0_val_loss": 0.48358458280563354, "fold0_tmp_test_acc": 0.8625132368513942, "fold0_tmp_test_loss": 0.48516684770584106, "_timestamp": 1745738354.701481, "_runtime": 317.231103181839, "_step": 684, "best_test_acc": 0.8572184962936816, "best_val_acc": 0.8609002647837599, "best_epoch": 495, "test_acc": 85.78362160254149, "val_acc": 85.77405119152692, "test_acc_std": 0.7063734260376161, "_wandb": {"runtime": 316}}