{"_step":144,"_wandb":{"runtime":83},"fold0_train_loss":0.23739744067192078,"fold0_test_loss":0.6763893507421017,"_timestamp":1.7471832957209754e+09,"_runtime":83.690299131}