{"best_test_acc":0.8999294034592304,"fold0_val_loss":0.42405402660369873,"fold0_val_acc":0.9082082965578111,"fold0_train_loss":0.060600396245718,"_step":307,"fold0_train_acc":0.9832318418497926,"best_val_acc":0.9030891438658429,"fold0_tmp_test_acc":0.9059301094246381,"_wandb":{"runtime":221},"val_acc":90.30538393645189,"fold0_tmp_test_loss":0.43966564536094666,"_timestamp":1.7457674001740744e+09,"_runtime":221.488230872,"best_epoch":170,"test_acc_std":0.7227983481582689,"test_acc":90.2629721143664}