{"_timestamp":1.7457284756512187e+09,"fold0_tmp_test_acc":0.9080480056477233,"fold0_val_loss":0.4973345398902893,"best_epoch":149,"fold0_train_acc":0.9954990733386285,"_wandb":{"runtime":282},"fold0_train_loss":0.02226974442601204,"val_acc":89.91703442188879,"_step":474,"fold0_val_acc":0.9059135039717564,"_runtime":282.328940161,"fold0_tmp_test_loss":0.4967138469219208,"test_acc_std":0.6136444665169037,"best_val_acc":0.893909973521624,"test_acc":90.0794211083657,"best_test_acc":0.8978115072361454}