{"_step":190,"_wandb":{"runtime":157},"fold0_train_loss":0.3350293488614261,"fold0_test_loss":0.4691299784369767,"_timestamp":1.747171331161019e+09,"_runtime":157.954010649}