{"fold0_val_loss":3.8598685264587402,"fold0_tmp_test_acc":0.4442266862649028,"_wandb":{"runtime":100},"_step":537,"_timestamp":1.7458469960476928e+09,"fold0_train_loss":0.11074500530958176,"best_epoch":446,"_runtime":97.101756091,"fold0_train_acc":0.9685611628286788,"fold0_tmp_test_loss":3.8753201961517334,"best_test_acc":0.45712885840274375,"fold0_val_acc":0.4288747346072187,"best_val_acc":0.46741793238608526}