{"_step":516,"fold0_tmp_test_acc":0.46709129511677283,"best_test_acc":0.46839784419402253,"fold0_train_acc":0.7938918830638576,"_timestamp":1.7458730739505413e+09,"fold0_val_loss":1.601228952407837,"fold0_tmp_test_loss":1.5987558364868164,"fold0_train_loss":0.5821767449378967,"_runtime":24.152543326,"best_epoch":416,"best_val_acc":0.4656214274048669,"_wandb":{"runtime":26},"fold0_val_acc":0.4572921770374}