{"_wandb":{"runtime":52},"fold0_test_loss":0.4634030228853226,"_timestamp":1.747090733138233e+09,"_runtime":52.594189157,"_step":61,"fold0_train_loss":0.10538876883685588}