{"_step":499,"_timestamp":1.7470914334591453e+09,"best_epoch":460,"fold0_train_loss":0.016097413916140793,"_runtime":406.718862717,"best_test_loss":0.3963764819502831,"_wandb":{"runtime":455},"best_train_loss":0.008150433734990657,"fold0_test_loss":0.3971509692072868}