{"val_acc":92.03883495145631,"fold0_tmp_test_acc":0.9228732792093187,"_runtime":1111.206734825,"_wandb":{"runtime":1111},"test_acc":92.09848217437346,"best_epoch":783,"fold0_val_acc":0.9242718446601942,"fold0_train_acc":0.995587326802577,"test_acc_std":0.4498314135381199,"fold0_tmp_test_loss":0.35227343440055847,"best_val_acc":0.9196822594880847,"_step":1509,"_timestamp":1.7458190692265782e+09,"fold0_train_loss":0.023749543353915215,"best_test_acc":0.9144016943169785,"fold0_val_loss":0.3525488078594208}