{"_wandb":{"runtime":246},"_runtime":246.843973079,"_step":155,"fold0_train_loss":0.11148620374500752,"fold0_test_loss":0.7192383585870266,"_timestamp":1.7472071996887598e+09}