{"fold0_test_loss":NaN,"_timestamp":1.7473033093774397e+09,"_runtime":21.650812012,"_wandb":{"runtime":21},"_step":7,"fold0_train_loss":NaN}