{"fold0_tmp_test_loss":1.930132508277893,"best_epoch":357,"fold0_val_loss":1.9368520975112915,"fold0_val_acc":0.5124938755512004,"_step":986,"fold0_tmp_test_acc":0.5095541401273885,"fold0_train_acc":0.9630899885676956,"_wandb":{"runtime":249},"best_val_acc":0.5033480320104524,"_runtime":232.95913505,"best_test_acc":0.5064510860689204,"_timestamp":1.7459413443355136e+09,"fold0_train_loss":0.15598279237747192}