{"_wandb":{"runtime":237},"fold0_val_loss":0.4271438717842102,"fold0_tmp_test_acc":0.908930462407342,"fold0_val_acc":0.9113857016769639,"fold0_train_acc":0.9872915011914217,"best_test_acc":0.9085774797034946,"best_epoch":242,"val_acc":90.13062665489849,"_step":342,"test_acc":90.05824214613484,"fold0_train_loss":0.04504123702645302,"_timestamp":1.745729872637597e+09,"test_acc_std":0.8480423233964199,"fold0_tmp_test_loss":0.4372923672199249,"_runtime":237.653981102,"best_val_acc":0.9078552515445719}