{"fold0_tmp_test_loss":2.1269373893737793,"best_val_acc":0.5048178997223584,"fold0_train_loss":0.18338045477867126,"fold0_train_acc":0.9474930589580272,"_runtime":48.793547979,"fold0_tmp_test_acc":0.4948554630083293,"fold0_val_acc":0.49126245304589256,"best_test_acc":0.5097174587620448,"_timestamp":1.7458530423672292e+09,"_step":644,"fold0_val_loss":2.1091792583465576,"best_epoch":544,"_wandb":{"runtime":55}}