{"fold0_val_acc":0.9179170344218888,"_runtime":340.873423464,"fold0_tmp_test_acc":0.9138722202612072,"fold0_val_loss":0.3383750021457672,"_timestamp":1.7458117898480854e+09,"test_acc":91.29897635015884,"test_acc_std":0.5205148587207709,"fold0_train_acc":0.982525814138205,"_step":430,"val_acc":91.30450132391881,"fold0_train_loss":0.06677111238241196,"best_val_acc":0.9103265666372462,"_wandb":{"runtime":340},"fold0_tmp_test_loss":0.36804595589637756,"best_epoch":334,"best_test_acc":0.9078715142957995}