{"fold0_val_acc":0.9805309999999999,"best_epoch":1507,"_timestamp":1.746669108858349e+09,"best_test_acc":0.9826459999999999,"fold0_tmp_test_acc":0.9818759999999999,"_step":1157,"fold0_tmp_test_loss":0.14097124338150024,"fold0_val_loss":0.1475246250629425,"fold0_train_acc":0.9998757500000001,"_wandb":{"runtime":595},"fold0_train_loss":0.026390081271529198,"_runtime":587.713750064,"best_val_acc":0.9857940000000001}