{"fold0_train_acc": 0.997881916865237, "fold0_train_loss": 0.00905667059123516, "fold0_val_acc": 0.8875551632833186, "fold0_val_loss": 0.6523512005805969, "fold0_tmp_test_acc": 0.8898693963995764, "fold0_tmp_test_loss": 0.6307182312011719, "_timestamp": 1745749325.1983101, "_runtime": 386.5463421344757, "_step": 353, "best_test_acc": 0.8856336039534063, "best_val_acc": 0.8919682259488084, "best_epoch": 78, "test_acc": 88.5051182492058, "val_acc": 88.31067961165049, "test_acc_std": 0.878354389607125, "_wandb": {"runtime": 386}}