{"best_epoch":2324,"fold0_train_acc":0.8440307039033154,"fold0_train_loss":0.43593379855155945,"fold0_val_acc":0.4935489139310795,"fold0_tmp_test_loss":1.5173218250274658,"best_test_acc":0.5046545810877021,"_step":2999,"fold0_val_loss":1.544977068901062,"best_val_acc":0.501551527029234,"fold0_tmp_test_acc":0.5062877674342643,"_timestamp":1.7460314963751829e+09,"_runtime":482.113433945,"_wandb":{"runtime":486}}