{"fold0_train_loss":0.05786394281312823,"fold0_test_loss":0.31910803660750386,"_timestamp":1.7472995562694983e+09,"_runtime":19.717166025,"_step":71,"_wandb":{"runtime":19}}