{"_runtime":1.768151341,"_step":0,"_wandb":{"runtime":1},"fold0_train_loss":16.51670273691416,"fold0_test_loss":15.029753265976906,"_timestamp":1.7473009084084127e+09}