{"_runtime":221.581199447,"_step":248,"fold0_train_loss":0.02803092749789357,"fold0_test_loss":0.4436011525988579,"_timestamp":1.7470824392935987e+09,"_wandb":{"runtime":221}}