{"_timestamp":1.7472973769237037e+09,"_runtime":349.79838793,"_step":153,"_wandb":{"runtime":349},"fold0_train_loss":0.14535608366131783,"fold0_test_loss":0.16886354066431522}