{"_step":354,"fold0_val_acc":0.742,"fold0_tmp_test_acc":0.7724999999999999,"fold0_tmp_test_loss":0.270527720451355,"best_epoch":335,"_wandb":{"runtime":31},"_runtime":28.845817097,"fold0_train_loss":0.24146845936775208,"fold0_train_acc":0.7917500000000001,"fold0_val_loss":0.2870452404022217,"best_test_acc":0.7829999999999999,"best_val_acc":0.7802500000000001,"_timestamp":1.7458864079654236e+09}