{"fold0_train_acc": 0.9504230815856467, "fold0_train_loss": 0.05740348994731903, "fold0_val_acc": 0.7210988922178158, "fold0_val_loss": 0.1354876309633255, "fold0_tmp_test_acc": 0.6872460512249803, "fold0_tmp_test_loss": 0.14588074386119843, "_timestamp": 1746111581.0728986, "_runtime": 82.61873459815979, "_step": 325, "best_test_acc": 0.783263912779462, "best_val_acc": 0.7829258380525201, "best_epoch": 91, "_wandb": {"runtime": 124}}