{"best_epoch":721,"fold0_val_loss":1.6276847124099731,"best_val_acc":0.5172301159562306,"_wandb":{"runtime":144},"_timestamp":1.7459452872901258e+09,"fold0_val_acc":0.5082475910501388,"fold0_tmp_test_acc":0.5113506451086068,"best_test_acc":0.5196798954760738,"fold0_train_acc":0.8704883227176221,"fold0_tmp_test_loss":1.5999975204467773,"_step":821,"_runtime":132.961090151,"fold0_train_loss":0.3691973388195038}