{"best_epoch":1128,"fold0_tmp_test_acc":0.4928956393924547,"_wandb":{"runtime":214},"fold0_tmp_test_loss":1.256939172744751,"_timestamp":1.7459463429958954e+09,"fold0_train_loss":0.8841868042945862,"fold0_val_acc":0.4817899722358321,"best_test_acc":0.49224236485382983,"fold0_train_acc":0.6356361260819859,"_step":1228,"fold0_val_loss":1.2749279737472534,"_runtime":198.948889026,"best_val_acc":0.4845663890249878}