{"_timestamp":1.7472092178033903e+09,"_runtime":36.72017805,"_step":20,"_wandb":{"runtime":36},"fold0_train_loss":0.03263318271376193,"fold0_test_loss":0.06806544246152044}