{"fold0_train_loss":0.10404272645711898,"fold0_test_loss":1.0038515570759774,"_wandb":{"runtime":150},"_timestamp":1.7472005370192282e+09,"_runtime":150.511328298,"_step":91}