{"_wandb":{"runtime":45},"_timestamp":1.7458077440792031e+09,"fold0_tmp_test_acc":0.8611013060360042,"fold0_tmp_test_loss":0.5491964221000671,"fold0_train_loss":0.18362244963645935,"best_val_acc":0.8496028243601059,"best_test_acc":0.8478644546417226,"fold0_val_acc":0.8589585172109444,"_step":396,"_runtime":30.825036026,"best_epoch":296,"fold0_val_loss":0.5680242776870728,"fold0_train_acc":0.9397228841232018}