{"fold0_train_acc": 0.9977936634012885, "fold0_train_loss": 0.013256888836622238, "fold0_val_acc": 0.9083848190644307, "fold0_val_loss": 0.5304089188575745, "fold0_tmp_test_acc": 0.9020472996823156, "fold0_tmp_test_loss": 0.5711782574653625, "_timestamp": 1745743359.0024238, "_runtime": 159.95999479293823, "_step": 277, "best_test_acc": 0.8873985174726439, "best_val_acc": 0.8870255957634599, "best_epoch": 84, "test_acc": 88.73985174726438, "val_acc": 88.54192409532213, "test_acc_std": 0.8876655310412944, "_wandb": {"runtime": 159}}