{"fold0_train_acc": 0.9480187097343571, "fold0_train_loss": 0.1751999408006668, "fold0_val_acc": 0.8518976169461606, "fold0_val_loss": 0.523639976978302, "fold0_tmp_test_acc": 0.8487469114013413, "fold0_tmp_test_loss": 0.5386271476745605, "_timestamp": 1745748291.9469438, "_runtime": 268.6871566772461, "_step": 664, "best_test_acc": 0.8429226967878574, "best_val_acc": 0.846954986760812, "best_epoch": 365, "test_acc": 85.15707730321213, "val_acc": 85.10679611650485, "test_acc_std": 0.6773681984608355, "_wandb": {"runtime": 268}}