{"fold0_train_acc":0.989056570470391,"fold0_train_loss":0.04147184640169144,"fold0_tmp_test_loss":0.4477331042289734,"best_epoch":142,"fold0_val_loss":0.45113691687583923,"fold0_val_acc":0.9027360988526038,"_wandb":{"runtime":31},"_runtime":26.611473671,"best_test_acc":0.8879279915284151,"fold0_tmp_test_acc":0.9050476526650194,"best_val_acc":0.8953221535745808,"_step":342,"_timestamp":1.7457281796385322e+09}