{"fold0_test_loss":0.5751146286353469,"best_test_loss":0.5460219334997237,"_step":499,"best_train_loss":0.13320075017400085,"_runtime":123.936575036,"_wandb":{"runtime":209},"_timestamp":1.7471925258882e+09,"fold0_train_loss":0.13651922137476505,"best_epoch":498}