{"_wandb":{"runtime":68},"_runtime":68.795191815,"_step":267,"fold0_train_loss":0.012378979208879173,"fold0_test_loss":0.02670563548221253,"_timestamp":1.7471912655282254e+09}