{"_wandb":{"runtime":74},"fold0_train_loss":0.34552872091531756,"fold0_test_loss":0.5406318134069443,"_timestamp":1.7472072850108807e+09,"_runtime":74.6000986,"_step":45}