{"fold0_test_loss":0.4893187734112143,"_timestamp":1.7470934973569343e+09,"_runtime":102.801490131,"_step":124,"_wandb":{"runtime":102},"fold0_train_loss":0.04347082952037454}