{"fold0_val_loss":0.1656927466392517,"best_test_acc":0.9802219999999999,"best_epoch":1137,"_step":1337,"fold0_tmp_test_acc":0.978315,"fold0_tmp_test_loss":0.15012937784194946,"fold0_train_acc":0.9970732499999999,"fold0_val_acc":0.972084,"fold0_train_loss":0.07799188792705536,"_timestamp":1.746665718432758e+09,"best_val_acc":0.975499,"_runtime":149.50984577,"_wandb":{"runtime":152}}