{"fold0_train_acc": 0.7589797899567559, "fold0_train_loss": 0.7489437460899353, "fold0_val_acc": 0.7170344218887909, "fold0_val_loss": 0.9590128064155579, "fold0_tmp_test_acc": 0.7119661136604306, "fold0_tmp_test_loss": 0.9721053242683411, "_timestamp": 1745764178.1461203, "_runtime": 1590.5985922813416, "_step": 222, "best_test_acc": 0.7285563007412637, "best_val_acc": 0.7368049426301854, "best_epoch": 236, "test_acc": 73.59865866572537, "val_acc": 73.57634598411298, "test_acc_std": 0.72432231449089, "_wandb": {"runtime": 1590}}