{"fold0_train_acc": 0.9301032565528197, "fold0_train_loss": 0.21245451271533966, "fold0_val_acc": 0.7449249779346867, "fold0_val_loss": 1.014252781867981, "fold0_tmp_test_acc": 0.7419696434874691, "fold0_tmp_test_loss": 0.999910295009613, "_timestamp": 1745747317.8139691, "_runtime": 132.42077922821045, "_step": 286, "best_test_acc": 0.7435580656547829, "best_val_acc": 0.7528684907325685, "best_epoch": 72, "test_acc": 74.67878573949876, "val_acc": 74.6531332744925, "test_acc_std": 0.4393925805121739, "_wandb": {"runtime": 132}}