{"fold0_val_acc":0.5082475910501388,"_wandb":{"runtime":174},"fold0_val_loss":1.6275590658187866,"fold0_tmp_test_acc":0.5115139637432631,"fold0_tmp_test_loss":1.5995919704437256,"_step":821,"best_test_acc":0.5195165768414176,"fold0_train_acc":0.8706516413522783,"_runtime":133.268605295,"best_val_acc":0.5164135227829495,"fold0_train_loss":0.3691842555999756,"_timestamp":1.7459537856813052e+09,"best_epoch":721}