{"fold0_val_acc":0.8621359223300971,"_step":246,"best_test_acc":0.8584539357571479,"fold0_val_loss":0.5146452188491821,"fold0_train_loss":0.14734172821044922,"fold0_tmp_test_acc":0.8646311330744794,"test_acc_std":0.6252603141422014,"best_epoch":306,"best_val_acc":0.859135039717564,"fold0_train_acc":0.9577265907686877,"val_acc":85.76345984112974,"fold0_tmp_test_loss":0.5021678805351257,"test_acc":85.7942110836569,"_wandb":{"runtime":227},"_timestamp":1.745706824313176e+09,"_runtime":227.874670277}