{"_runtime":82.601368855,"_step":0,"_wandb":{"runtime":82},"fold0_train_loss":4.021637767028809,"fold0_test_loss":0,"_timestamp":1.747292433427785e+09}