{"fold0_train_acc": 0.7064689789074221, "fold0_train_loss": 0.9462204575538635, "fold0_val_acc": 0.6889673433362754, "fold0_val_loss": 1.023703694343567, "fold0_tmp_test_acc": 0.6891987292622661, "fold0_tmp_test_loss": 1.0149710178375244, "_timestamp": 1745757626.7843354, "_runtime": 1346.4878284931183, "_step": 573, "best_test_acc": 0.691493116837275, "best_val_acc": 0.7006178287731686, "best_epoch": 430, "test_acc": 69.4069890575362, "val_acc": 69.55339805825241, "test_acc_std": 0.5015088022262516, "_wandb": {"runtime": 1346}}