{"fold0_train_acc": 0.7555379048627658, "fold0_train_loss": 0.6734839677810669, "fold0_val_acc": 0.6518976169461607, "fold0_val_loss": 1.2011709213256836, "fold0_tmp_test_acc": 0.6526650194140488, "fold0_tmp_test_loss": 1.1608173847198486, "_timestamp": 1745740347.8069527, "_runtime": 44.47900176048279, "_step": 287, "best_test_acc": 0.6433109777620897, "best_val_acc": 0.646954986760812, "best_epoch": 89, "test_acc": 68.55806565478291, "val_acc": 68.5666372462489, "test_acc_std": 7.039307292172289, "_wandb": {"runtime": 44}}