{"fold0_train_acc": 0.9897625981819786, "fold0_train_loss": 0.040197305381298065, "fold0_val_acc": 0.870432480141218, "fold0_val_loss": 0.8142771124839783, "fold0_tmp_test_acc": 0.8727497352629721, "fold0_tmp_test_loss": 0.8257653713226318, "_timestamp": 1745746649.8434997, "_runtime": 270.20502161979675, "_step": 299, "best_test_acc": 0.8630427109071656, "best_val_acc": 0.8619593998234775, "best_epoch": 112, "test_acc": 86.40310624779384, "val_acc": 86.29655781112092, "test_acc_std": 1.3625360982336834, "_wandb": {"runtime": 269}}