{"fold0_val_loss":0.44759446382522583,"best_val_acc":0.9023830538393646,"_wandb":{"runtime":273},"_runtime":273.388006513,"fold0_train_acc":0.9588738858000176,"best_epoch":343,"test_acc":89.47405577126719,"val_acc":89.50397175639895,"best_test_acc":0.8985174726438404,"_timestamp":1.745720722246237e+09,"fold0_tmp_test_acc":0.8928697493822803,"fold0_val_acc":0.8912621359223301,"_step":430,"test_acc_std":0.8445881114115091,"fold0_train_loss":0.13759109377861023,"fold0_tmp_test_loss":0.42388638854026794}