{"fold0_tmp_test_acc":0.7667895379685021,"_timestamp":1.7469101051290414e+09,"fold0_train_loss":0.10652539134025574,"_step":2543,"_runtime":1551.616827833,"fold0_train_acc":0.8395060295908883,"_wandb":{"runtime":1551},"fold0_tmp_test_loss":0.11794742941856384,"fold0_val_acc":0.7723050990307629,"fold0_val_loss":0.11577122658491135}