{"_wandb":{"runtime":17},"fold0_train_acc":0.95342175,"fold0_val_loss":0.2543235123157501,"_step":146,"_runtime":17.765672567,"_timestamp":1.7466703006557662e+09,"fold0_tmp_test_loss":0.24317103624343872,"fold0_val_acc":0.9323480000000001,"fold0_tmp_test_acc":0.941032,"fold0_train_loss":0.22389627993106842}