{"fold0_test_loss":0.5648001511394978,"_timestamp":1.7470863101232479e+09,"_runtime":327.66987683,"_step":404,"_wandb":{"runtime":327},"fold0_train_loss":0.0801045448333025}