{"fold0_tmp_test_loss":2.282086133956909,"_timestamp":1.745701261135203e+09,"fold0_val_loss":2.3065335750579834,"best_test_acc":0.5157602482443246,"best_epoch":579,"_wandb":{"runtime":110},"_step":679,"fold0_train_loss":0.20809237658977509,"fold0_val_acc":0.501551527029234,"fold0_train_acc":0.9339376122815614,"_runtime":106.181879758,"fold0_tmp_test_acc":0.5090641842234199,"best_val_acc":0.5116772823779193}