{"_runtime":49.559408565,"best_epoch":647,"fold0_val_acc":0.8556045895851722,"_step":747,"best_test_acc":0.8538651606071302,"fold0_train_acc":0.9545494660665431,"_wandb":{"runtime":52},"fold0_tmp_test_acc":0.8565125308859866,"_timestamp":1.7457079636763961e+09,"fold0_train_loss":0.15277951955795288,"fold0_tmp_test_loss":0.5269887447357178,"best_val_acc":0.8554280670785526,"fold0_val_loss":0.5189052820205688}