{"_wandb":{"runtime":35},"fold0_train_loss":0.32671856336295607,"fold0_test_loss":0.6744437463581562,"_timestamp":1.747095278012861e+09,"_runtime":35.953014557,"_step":43}