{"fold0_train_loss":0.6756176948547363,"fold0_tmp_test_acc":0.47542054548423973,"_step":650,"_runtime":414.67878731,"fold0_val_acc":0.46823452555936634,"fold0_val_loss":1.4322121143341064,"fold0_train_acc":0.7447329740323371,"fold0_tmp_test_loss":1.4164927005767822,"_wandb":{"runtime":414},"_timestamp":1.7469442556589227e+09}