{"fold0_train_acc":0.8707333006696064,"best_epoch":761,"_timestamp":1.7458616760892308e+09,"test_acc":51.025641025641036,"fold0_train_loss":0.3692047894001007,"fold0_tmp_test_loss":1.599686861038208,"_step":831,"_wandb":{"runtime":1264},"val_acc":51.561326147313416,"fold0_tmp_test_acc":0.5115139637432631,"best_val_acc":0.5138004246284501,"best_test_acc":0.5105340519353259,"test_acc_std":0.5982034094089211,"_runtime":1264.801606776,"fold0_val_acc":0.5082475910501388,"fold0_val_loss":1.6276119947433472}