{"_runtime":3198.82652118,"fold0_val_loss":2.056659460067749,"_step":2009,"fold0_train_acc":0.9785235995427078,"fold0_val_acc":0.515270292340356,"best_epoch":1666,"_timestamp":1.7458674643154004e+09,"best_test_acc":0.5280091458435408,"test_acc_std":0.6786356018964586,"fold0_tmp_test_loss":2.0101330280303955,"_wandb":{"runtime":3198},"fold0_train_loss":0.10281134396791458,"best_val_acc":0.5340519353258206,"test_acc":52.10844357341173,"val_acc":52.90217213784093,"fold0_tmp_test_acc":0.533561979421852}