{"fold0_val_acc":0.2678425608361914,"_wandb":{"runtime":164},"_step":596,"_timestamp":1.7460346164176097e+09,"fold0_train_loss":NaN,"fold0_val_loss":NaN,"fold0_tmp_test_acc":0.2678425608361914,"fold0_tmp_test_loss":NaN,"fold0_train_acc":0.2678425608361914,"_runtime":164.653331636}