{"_runtime":536.592621369,"_step":347,"_wandb":{"runtime":536},"fold0_train_loss":0.02856714920140803,"fold0_test_loss":0.4524693766981363,"_timestamp":1.7471875159571023e+09}