{"fold0_train_acc": 0.979083929044215, "fold0_train_loss": 0.07441315799951553, "fold0_val_acc": 0.8983230361871138, "fold0_val_loss": 0.45237815380096436, "fold0_tmp_test_acc": 0.8958701023649841, "fold0_tmp_test_loss": 0.4516543447971344, "_timestamp": 1745766332.856658, "_runtime": 294.46549105644226, "_step": 394, "best_test_acc": 0.8953406283092128, "best_val_acc": 0.8967343336275375, "best_epoch": 490, "test_acc": 88.49629368160961, "val_acc": 88.37599293909975, "test_acc_std": 1.1733370201087783, "_wandb": {"runtime": 294}}