{"fold0_train_acc": 0.9858794457682464, "fold0_train_loss": 0.057962920516729355, "fold0_val_acc": 0.8681376875551633, "fold0_val_loss": 0.5670279860496521, "fold0_tmp_test_acc": 0.8738086833745147, "fold0_tmp_test_loss": 0.5158544778823853, "_timestamp": 1745753529.711921, "_runtime": 244.01681995391846, "_step": 342, "best_test_acc": 0.8528062124955877, "best_val_acc": 0.8603706972639011, "best_epoch": 161, "test_acc": 86.59901164842923, "val_acc": 86.5631067961165, "test_acc_std": 0.9524337450989342, "_wandb": {"runtime": 243}}