{"_runtime":34.237407252,"best_epoch":344,"fold0_train_loss":0.14786379039287567,"best_val_acc":0.883495145631068,"fold0_tmp_test_acc":0.8824567596187787,"_wandb":{"runtime":40},"fold0_val_loss":0.41933321952819824,"fold0_val_acc":0.8833186231244484,"_step":444,"_timestamp":1.745727958139525e+09,"best_test_acc":0.8815743028591599,"fold0_train_acc":0.9549024799223369,"fold0_tmp_test_loss":0.422294944524765}