{"fold0_tmp_test_acc":0.2678425608361914,"_step":285,"fold0_val_loss":NaN,"_timestamp":1.7458593005015957e+09,"fold0_train_acc":0.2678425608361914,"best_epoch":185,"fold0_tmp_test_loss":NaN,"_wandb":{"runtime":83},"best_val_acc":0.437530622243998,"fold0_train_loss":NaN,"fold0_val_acc":0.2678425608361914,"best_test_acc":0.43851053405193535,"_runtime":78.973016306}