{"fold0_train_acc": 0.9901156120377724, "fold0_train_loss": 0.03520398959517479, "fold0_val_acc": 0.8674315975286849, "fold0_val_loss": 0.7236536741256714, "fold0_tmp_test_acc": 0.8616307800917755, "fold0_tmp_test_loss": 0.7464091777801514, "_timestamp": 1745743431.2790592, "_runtime": 61.69768524169922, "_step": 302, "best_test_acc": 0.8462760324744087, "best_val_acc": 0.8492497793468667, "best_epoch": 86, "test_acc": 80.82244969996471, "val_acc": 80.61959399823478, "test_acc_std": 7.960821197129878, "_wandb": {"runtime": 61}}