{"best_test_acc":0.4935489139310795,"fold0_tmp_test_loss":1.9111838340759277,"best_epoch":659,"_wandb":{"runtime":400},"fold0_tmp_test_acc":0.5155969296096684,"best_val_acc":0.5121672382818879,"fold0_train_loss":0.2102092057466507,"_timestamp":1.7456986176952991e+09,"_runtime":397.059210646,"fold0_train_acc":0.9434100930916217,"_step":895,"fold0_val_acc":0.5147803364363874,"fold0_val_loss":1.918797254562378}