{"fold0_train_acc": 0.9986761980407731, "fold0_train_loss": 0.008149217814207077, "fold0_val_acc": 0.8960282436010591, "fold0_val_loss": 0.6730013489723206, "fold0_tmp_test_acc": 0.8903988704553477, "fold0_tmp_test_loss": 0.658950686454773, "_timestamp": 1745749428.1325023, "_runtime": 86.36884427070618, "_step": 280, "best_test_acc": 0.8780444758206848, "best_val_acc": 0.884377758164166, "best_epoch": 77, "test_acc": 87.29262266148957, "val_acc": 87.28155339805828, "test_acc_std": 0.5013721394755308, "_wandb": {"runtime": 85}}