{"fold0_train_acc": 0.9960285941223193, "fold0_train_loss": 0.01931360922753811, "fold0_val_acc": 0.9030891438658429, "fold0_val_loss": 0.49191150069236755, "fold0_tmp_test_acc": 0.9024002823861631, "fold0_tmp_test_loss": 0.4883142411708832, "_timestamp": 1745755320.2781825, "_runtime": 458.54029059410095, "_step": 421, "best_test_acc": 0.8572184962936816, "best_val_acc": 0.8661959399823478, "best_epoch": 109, "test_acc": 87.69678785739498, "val_acc": 87.66637246248897, "test_acc_std": 1.2241033540445745, "_wandb": {"runtime": 458}}