{"fold0_train_loss":0.48305799648165704,"fold0_test_loss":0.5118971586227417,"_timestamp":1.7471914368303819e+09,"_runtime":8.796464149,"_step":29,"_wandb":{"runtime":8}}