{"test_acc_std":0.24845868952403297,"_wandb":{"runtime":2397},"test_acc":99.07185999999999,"_runtime":2397.981352153,"fold0_val_loss":0.1452408879995346,"best_test_acc":0.993563,"fold0_val_acc":0.9830500000000001,"fold0_tmp_test_acc":0.9864369999999999,"_step":2009,"fold0_train_acc":0.9999875,"fold0_tmp_test_loss":0.12396369129419327,"_timestamp":1.7466806194520059e+09,"fold0_train_loss":0.014538119547069073,"best_val_acc":0.992558,"best_epoch":1984,"val_acc":99.04526}