{"fold0_tmp_test_loss":0.46419501304626465,"fold0_train_loss":0.04317621514201164,"fold0_val_loss":0.4595777988433838,"fold0_train_acc":0.9904686258935663,"fold0_val_acc":0.8917917034421888,"_wandb":{"runtime":176},"_runtime":176.60944081,"fold0_tmp_test_acc":0.8937522061418991,"_timestamp":1.7458736673713782e+09,"_step":1735}