{"fold0_train_acc":0.9868528499101747,"_step":1352,"_runtime":220.177079837,"fold0_val_acc":0.5172301159562306,"_timestamp":1.74694683299137e+09,"best_test_acc":0.5250694104197289,"fold0_train_loss":0.06607907265424728,"fold0_tmp_test_acc":0.5154336109750123,"best_val_acc":0.5317654744406337,"_wandb":{"runtime":259},"best_epoch":852,"fold0_val_loss":2.436429500579834,"fold0_tmp_test_loss":2.389960289001465}