{"_timestamp":1.7457273954642081e+09,"_runtime":85.088543207,"fold0_tmp_test_acc":0.8965760677726792,"best_val_acc":0.8819064430714916,"fold0_train_acc":0.9885270496867002,"fold0_train_loss":0.04605014994740486,"fold0_val_loss":0.4618769586086273,"fold0_tmp_test_loss":0.47312936186790466,"best_epoch":400,"_wandb":{"runtime":91},"_step":632,"fold0_val_acc":0.9016769638128861,"best_test_acc":0.8831627250264737}