{"test_acc_std":0.60236061447812,"best_test_acc":0.9131662548535122,"fold0_val_loss":0.4427586495876312,"_runtime":213.411097635,"_step":300,"best_val_acc":0.9075022065313327,"test_acc":90.14119308153901,"fold0_train_acc":0.9875562615832671,"val_acc":90.16240070609003,"_wandb":{"runtime":213},"fold0_tmp_test_loss":0.44104981422424316,"fold0_train_loss":0.048672571778297424,"fold0_tmp_test_acc":0.9038122132015531,"_timestamp":1.745724894244615e+09,"fold0_val_acc":0.9097969991173874,"best_epoch":233}