{"best_val_acc":0.5280091458435408,"best_epoch":669,"_step":1169,"_timestamp":1.7469449923469577e+09,"_runtime":189.605275296,"fold0_train_acc":0.9645598562796015,"best_test_acc":0.5198432141107301,"_wandb":{"runtime":242},"fold0_val_acc":0.5178833904948554,"fold0_tmp_test_acc":0.5206598072840111,"fold0_tmp_test_loss":1.9930588006973267,"fold0_train_loss":0.14719274640083313,"fold0_val_loss":2.004453659057617}