{"fold0_train_acc": 0.9991174653605154, "fold0_train_loss": 0.008171073161065578, "fold0_val_acc": 0.8688437775816417, "fold0_val_loss": 0.811576247215271, "fold0_tmp_test_acc": 0.8637486763148605, "fold0_tmp_test_loss": 0.8313564658164978, "_timestamp": 1745738022.9913847, "_runtime": 63.02739071846008, "_step": 294, "best_test_acc": 0.8469819978821038, "best_val_acc": 0.858252427184466, "best_epoch": 80, "test_acc": 84.6187786798447, "val_acc": 84.58428949691086, "test_acc_std": 0.582541783932335, "_wandb": {"runtime": 62}}