{"fold0_test_loss":0.4908684857189655,"_timestamp":1.7471979108536031e+09,"_runtime":10.534215861,"_wandb":{"runtime":10},"_step":4,"fold0_train_loss":0.4460770516097546}