{"_runtime":35.846423017,"_wandb":{"runtime":35},"_step":137,"fold0_train_loss":0.008682642257772386,"fold0_test_loss":0.043150016313884404,"_timestamp":1.7472957881720755e+09}