{"fold0_train_loss":0.34619733691215515,"fold0_val_loss":1.782826542854309,"_timestamp":1.7459451291818614e+09,"fold0_val_acc":0.49044585987261147,"best_epoch":671,"_runtime":125.273320136,"best_val_acc":0.5105340519353259,"fold0_train_acc":0.878735913767761,"_wandb":{"runtime":127},"fold0_tmp_test_acc":0.4951821002776417,"_step":771,"best_test_acc":0.5157602482443246,"fold0_tmp_test_loss":1.7371244430541992}