{"fold0_train_acc": 0.7246491924808048, "fold0_train_loss": 0.7665422558784485, "fold0_val_acc": 0.6520741394527803, "fold0_val_loss": 1.0952832698822021, "fold0_tmp_test_acc": 0.6544299329332862, "fold0_tmp_test_loss": 1.0774524211883545, "_timestamp": 1745745779.226356, "_runtime": 222.03706097602844, "_step": 353, "best_test_acc": 0.8026826685492411, "best_val_acc": 0.8142983230361871, "best_epoch": 362, "test_acc": 73.92340275326508, "val_acc": 73.89232127096206, "test_acc_std": 8.269230094702953, "_wandb": {"runtime": 221}}