{"_step":1616,"fold0_val_loss":0.1536487489938736,"fold0_tmp_test_loss":0.13738083839416504,"fold0_tmp_test_acc":0.9822239999999999,"_timestamp":1.7466485942958157e+09,"fold0_train_acc":0.99999575,"fold0_train_loss":0.016702227294445038,"fold0_val_acc":0.978631,"best_test_acc":0.9847489999999999,"_runtime":226.563466413,"_wandb":{"runtime":230},"best_val_acc":0.983269,"best_epoch":1416}