{"fold0_train_acc": 0.995587326802577, "fold0_train_loss": 0.020000731572508812, "fold0_val_acc": 0.9085613415710503, "fold0_val_loss": 0.5252760052680969, "fold0_tmp_test_acc": 0.9110483586304271, "fold0_tmp_test_loss": 0.5127636790275574, "_timestamp": 1745754273.1785665, "_runtime": 140.07885241508484, "_step": 333, "best_test_acc": 0.8835157077303212, "best_val_acc": 0.8866725507502207, "best_epoch": 83, "test_acc": 88.79985880691844, "val_acc": 88.7431597528685, "test_acc_std": 0.7414401484258234, "_wandb": {"runtime": 139}}