{"fold0_train_acc": 0.9925867090283294, "fold0_train_loss": 0.031478311866521835, "fold0_val_acc": 0.9097969991173874, "fold0_val_loss": 0.4603191018104553, "fold0_tmp_test_acc": 0.9124602894458171, "fold0_tmp_test_loss": 0.4444026052951813, "_timestamp": 1745734829.9107642, "_runtime": 322.568576335907, "_step": 361, "best_test_acc": 0.8949876456053654, "best_val_acc": 0.8977934686672551, "best_epoch": 112, "test_acc": 90.08824567596187, "val_acc": 89.95763459841129, "test_acc_std": 0.9913473834212573, "_wandb": {"runtime": 322}}