{"fold0_train_loss":0.10252770781517029,"_step":909,"fold0_tmp_test_acc":0.7781565379615756,"fold0_val_loss":0.11631887406110764,"fold0_train_acc":0.8550286903463046,"_wandb":{"runtime":284},"_runtime":284.574013862,"fold0_val_acc":0.7752771187272338,"fold0_tmp_test_loss":0.11749819666147232,"_timestamp":1.7460456196670167e+09}