{"fold0_test_loss":1.5569798636436463,"_timestamp":1.7473015116727722e+09,"_runtime":112.543802112,"_step":300,"_wandb":{"runtime":112},"fold0_train_loss":0.08717343719676136}