{"_runtime":3472.770109112,"_step":506,"best_test_loss":0.4124809718132019,"fold0_test_loss":0.4437179577350616,"_wandb":{"runtime":3587},"best_epoch":488,"_timestamp":1.7470804229476945e+09,"best_train_loss":0.005729720811359584,"fold0_train_loss":0.0390472261980176}