{"fold0_train_acc":0.9683170064425028,"best_epoch":81,"fold0_val_loss":0.542716920375824,"best_test_acc":0.7959759971761383,"best_val_acc":0.7920564872021183,"fold0_tmp_test_loss":0.5099992752075195,"_wandb":{"runtime":64},"_runtime":47.633317895,"fold0_tmp_test_acc":0.861277797387928,"_timestamp":1.74570919863636e+09,"fold0_val_acc":0.8601941747572815,"_step":549,"fold0_train_loss":0.11131860315799713}