{"fold0_val_acc":0.4775436877347705,"best_epoch":527,"best_test_acc":0.4837497958517067,"fold0_tmp_test_loss":1.5287343263626099,"_timestamp":1.7457014560320144e+09,"_wandb":{"runtime":106},"fold0_val_loss":1.577020525932312,"_step":627,"fold0_tmp_test_acc":0.4840764331210191,"fold0_train_acc":0.6772007186019925,"_runtime":103.159688611,"fold0_train_loss":0.7580178380012512,"best_val_acc":0.48146333496651966}