{"fold0_train_acc": 0.8868590592180743, "fold0_train_loss": 0.31656011939048767, "fold0_val_acc": 0.751279788172992, "fold0_val_loss": 0.9078173041343689, "fold0_tmp_test_acc": 0.7472643840451818, "fold0_tmp_test_loss": 0.8979247212409973, "_timestamp": 1745741001.131892, "_runtime": 226.86487889289856, "_step": 269, "best_test_acc": 0.7458524532297918, "best_val_acc": 0.7511032656663724, "best_epoch": 101, "test_acc": 75.16590187080834, "val_acc": 74.98499558693733, "test_acc_std": 0.6987564331142225, "_wandb": {"runtime": 226}}