{"_runtime":3.935445783,"_step":8,"_wandb":{"runtime":3},"fold0_train_loss":1.1940066975168884,"fold0_test_loss":1.0125345125980676,"_timestamp":1.747295597844104e+09}