{"best_epoch":160,"test_acc":89.88704553476879,"test_acc_std":0.3670850412868426,"fold0_val_acc":0.8981465136804943,"best_val_acc":0.9032656663724625,"fold0_tmp_test_loss":0.42412975430488586,"fold0_val_loss":0.45818692445755005,"_step":258,"val_acc":89.9082082965578,"_runtime":207.674604195,"fold0_tmp_test_acc":0.9011648429226968,"fold0_train_loss":0.07955610007047653,"fold0_train_acc":0.9776718736210396,"_wandb":{"runtime":207},"best_test_acc":0.901694316978468,"_timestamp":1.7457234352847989e+09}