{"best_test_acc":0.9699450000000001,"_step":904,"_wandb":{"runtime":96},"_runtime":84.898142828,"fold0_train_loss":0.14502277970314026,"fold0_val_acc":0.962113,"_timestamp":1.7458942956364846e+09,"fold0_val_loss":0.1962452381849289,"best_val_acc":0.9663060000000001,"fold0_tmp_test_acc":0.9692910000000001,"best_epoch":804,"fold0_train_acc":0.9827995,"fold0_tmp_test_loss":0.1789880096912384}