{"_step":446,"_timestamp":1.7458132790921535e+09,"test_acc_std":0.6854797782642623,"fold0_train_loss":0.11218832433223724,"fold0_train_acc":0.9667284440914305,"fold0_tmp_test_loss":0.34573668241500854,"val_acc":91.27272727272727,"fold0_val_loss":0.3470636010169983,"best_val_acc":0.9143865842894969,"test_acc":91.33250970702434,"best_test_acc":0.9159901164842923,"fold0_val_acc":0.9142100617828773,"_runtime":418.842584781,"fold0_tmp_test_acc":0.9091069537592658,"best_epoch":649,"_wandb":{"runtime":418}}