{"fold0_train_acc": 0.36787522456312266, "fold0_train_loss": 1.4089629650115967, "fold0_val_acc": 0.36779356524579454, "fold0_val_loss": 1.4099599123001099, "fold0_tmp_test_acc": 0.3679568838804508, "fold0_tmp_test_loss": 1.4095115661621094, "_timestamp": 1745955450.0937037, "_runtime": 924.5277588367462, "_step": 377, "best_test_acc": 0.3679568838804508, "best_val_acc": 0.36779356524579454, "best_epoch": 118, "test_acc": 37.62861342479177, "val_acc": 37.64984484729707, "test_acc_std": 1.4448484948100841, "_wandb": {"runtime": 923}}