{"_wandb":{"runtime":172},"fold0_test_loss":0.206,"_timestamp":1.7472941439398358e+09,"_runtime":172.523920316,"_step":20,"fold0_train_loss":1.6063424806594848}