{"fold0_train_acc": 0.9605507016150384, "fold0_train_loss": 0.1309235394001007, "fold0_val_acc": 0.7202118270079435, "fold0_val_loss": 1.2597987651824951, "fold0_tmp_test_acc": 0.7151429579950582, "fold0_tmp_test_loss": 1.2667889595031738, "_timestamp": 1745734228.3822768, "_runtime": 47.18292474746704, "_step": 269, "best_test_acc": 0.7149664666431345, "best_val_acc": 0.7253309796999118, "best_epoch": 64, "test_acc": 71.61489587010236, "val_acc": 71.5269196822595, "test_acc_std": 0.7289349233842682, "_wandb": {"runtime": 46}}