{"fold0_train_acc": 0.9524313829317801, "fold0_train_loss": 0.1632738709449768, "fold0_val_acc": 0.7927625772285967, "fold0_val_loss": 0.8242875337600708, "fold0_tmp_test_acc": 0.7924461701376633, "fold0_tmp_test_loss": 0.8146761655807495, "_timestamp": 1745745842.661991, "_runtime": 47.845510959625244, "_step": 323, "best_test_acc": 0.7878573949876456, "best_val_acc": 0.7924095322153575, "best_epoch": 151, "test_acc": 79.47935051182493, "val_acc": 79.62400706090025, "test_acc_std": 0.681405202453936, "_wandb": {"runtime": 47}}