{"fold0_train_loss":0.08644331246614456,"_runtime":402.565455311,"test_acc_std":0.4855148458253396,"best_test_acc":0.9106953759265796,"fold0_val_loss":0.3468165993690491,"best_epoch":321,"_wandb":{"runtime":402},"fold0_val_acc":0.9159752868490733,"fold0_tmp_test_acc":0.9136957289092834,"val_acc":90.98499558693736,"fold0_train_acc":0.9742299885270497,"test_acc":91.15425344158137,"best_val_acc":0.9080317740511915,"fold0_tmp_test_loss":0.3559483587741852,"_timestamp":1.7457847856465197e+09,"_step":622}