{"fold0_train_loss":0.22190046310424805,"fold0_tmp_test_loss":1.8540922403335571,"fold0_val_acc":0.5120039196472318,"fold0_val_loss":1.8724489212036133,"fold0_train_acc":0.9413686101584191,"best_val_acc":0.5268659154009473,"_wandb":{"runtime":624},"_runtime":617.486204039,"best_epoch":761,"best_test_acc":0.5072676792422015,"_timestamp":1.7456992622837343e+09,"_step":877,"fold0_tmp_test_acc":0.5227829495345419}