{"best_epoch":498,"fold0_test_loss":1.1770658850669862,"_wandb":{"runtime":215},"_step":503,"best_test_loss":1.3894885793328284,"_runtime":194.269859614,"best_train_loss":0.024990139715373515,"fold0_train_loss":0.13666938692331315,"_timestamp":1.7471887354994411e+09}