{"test_acc_std":1.341690165325861,"_step":911,"fold0_val_acc":0.8465062884499716,"val_acc":83.10578350026951,"fold0_train_loss":0.36319205164909363,"fold0_train_acc":0.8679893458475192,"best_epoch":643,"fold0_val_loss":0.3854859173297882,"_wandb":{"runtime":5401},"_timestamp":1.7459792807654603e+09,"_runtime":5401.896851904,"best_val_acc":0.8449998574355506,"test_acc":83.12242936428535,"fold0_tmp_test_acc":0.8386006794476574,"best_test_acc":0.8432773046587986,"fold0_tmp_test_loss":0.3945315182209015}