{"fold0_tmp_test_acc":0.41920798228621436,"fold0_train_acc":0.4317145801222659,"fold0_val_loss":0.5695542097091675,"_step":1,"fold0_train_loss":0.5726787447929382,"fold0_tmp_test_loss":0.5329484939575195,"_timestamp":1.7459237544115057e+09,"fold0_val_acc":0.4534898891063275,"_wandb":{"runtime":2},"_runtime":2.867717392}