{"_timestamp":1.747209273022408e+09,"_runtime":35.849422598,"_step":136,"_wandb":{"runtime":35},"fold0_train_loss":0.021623939657583833,"fold0_test_loss":0.07069445844739676}