{"fold0_train_acc": 0.9962933545141647, "fold0_train_loss": 0.017826728522777557, "fold0_val_acc": 0.9113857016769639, "fold0_val_loss": 0.45728689432144165, "fold0_tmp_test_acc": 0.9124602894458171, "fold0_tmp_test_loss": 0.4810556173324585, "_timestamp": 1745733785.054337, "_runtime": 203.40856909751892, "_step": 316, "best_test_acc": 0.9061066007765619, "best_val_acc": 0.9039717563989409, "best_epoch": 181, "test_acc": 89.9099894105189, "val_acc": 89.79170344218888, "test_acc_std": 0.5974199675500733, "_wandb": {"runtime": 203}}