{"fold0_train_loss":0.21990452706813812,"fold0_val_loss":2.343190908432007,"best_epoch":304,"best_val_acc":0.44324677445696553,"_step":613,"fold0_train_acc":0.9340192715988894,"_wandb":{"runtime":179},"fold0_tmp_test_acc":0.5084109096847951,"_runtime":177.240346429,"fold0_tmp_test_loss":2.353835344314575,"fold0_val_acc":0.49338559529642334,"_timestamp":1.7456946397806962e+09,"best_test_acc":0.4448799608035277}