{"fold0_train_acc": 0.9448415850322125, "fold0_train_loss": 0.18109063804149628, "fold0_val_acc": 0.8257722859664607, "fold0_val_loss": 0.6247329115867615, "fold0_tmp_test_acc": 0.8296858453935757, "fold0_tmp_test_loss": 0.6320569515228271, "_timestamp": 1745739062.1635842, "_runtime": 89.40993118286133, "_step": 387, "best_test_acc": 0.8190963642781504, "best_val_acc": 0.8289496910856134, "best_epoch": 123, "test_acc": 83.20331803741617, "val_acc": 83.24095322153575, "test_acc_std": 0.8825291181064889, "_wandb": {"runtime": 89}}