{"_step":361,"_wandb":{"runtime":29},"fold0_tmp_test_loss":1.383647084236145,"fold0_train_loss":0.8662973046302795,"best_val_acc":0.441286950841091,"best_test_acc":0.43900048995590396,"_runtime":13.497847563,"fold0_val_acc":0.4337742936469051,"best_epoch":261,"fold0_train_acc":0.6702596766291034,"fold0_val_loss":1.3891359567642212,"_timestamp":1.7458731536817484e+09,"fold0_tmp_test_acc":0.44226686264902826}