{"_timestamp":1.747295182499718e+09,"_runtime":74.654441557,"_step":33,"_wandb":{"runtime":74},"fold0_train_loss":0.1525788667052984,"fold0_test_loss":0.6943158295750618}