{"fold0_tmp_test_acc":0.49942838477870327,"_runtime":93.277936725,"best_test_acc":0.5064510860689204,"best_epoch":327,"fold0_train_acc":0.9540258043442756,"best_val_acc":0.4999183406826719,"_step":427,"fold0_val_loss":2.0674476623535156,"fold0_tmp_test_loss":2.0176634788513184,"_timestamp":1.7456887847825432e+09,"fold0_val_acc":0.4873428058141434,"_wandb":{"runtime":95},"fold0_train_loss":0.17383679747581482}