{"fold0_train_loss":0.16595257818698883,"_wandb":{"runtime":202},"_timestamp":1.7469081847918415e+09,"fold0_train_acc":0.5477738138533386,"_runtime":123.740297899,"_step":200,"best_val_acc":0.5797681681473656,"fold0_val_loss":0.1690026819705963,"best_test_acc":0.577907408989423,"fold0_tmp_test_acc":0.5710489738149057,"fold0_tmp_test_loss":0.1647118479013443,"fold0_val_acc":0.5398801586339469,"best_epoch":0}