{"_runtime":3043.979655655,"_timestamp":1.746839883194925e+09,"best_test_acc":0.7758774350105863,"fold0_val_loss":0.11855422705411911,"fold0_train_acc":0.9213969658659924,"best_epoch":476,"_wandb":{"runtime":3043},"test_acc_std":1.0704192827666288,"_step":847,"test_acc":78.39704208409431,"val_acc":78.39712865628734,"best_val_acc":0.7735919505394594,"fold0_train_loss":0.08627238869667053,"fold0_tmp_test_loss":0.11874327063560486,"fold0_val_acc":0.7707838756790145,"fold0_tmp_test_acc":0.781215698588577}