{"best_epoch":516,"fold0_val_loss":1.7214436531066895,"best_test_acc":0.49942838477870327,"fold0_tmp_test_acc":0.4920790462191736,"_timestamp":1.7457005505860615e+09,"fold0_val_acc":0.49093581577658013,"fold0_train_acc":0.833823289237302,"_runtime":102.631003084,"best_val_acc":0.49959170341335946,"fold0_tmp_test_loss":1.7115622758865356,"_wandb":{"runtime":112},"fold0_train_loss":0.450125128030777,"_step":616}