{"fold0_val_loss":1.877973198890686,"_wandb":{"runtime":319},"fold0_val_acc":0.5134737873591376,"_step":1976,"fold0_tmp_test_loss":1.831815242767334,"_runtime":319.79677573,"fold0_train_loss":0.2091183066368103,"_timestamp":1.7459456270582323e+09,"fold0_train_acc":0.9421852033317002,"fold0_tmp_test_acc":0.5172301159562306}