{"_timestamp":1.7472987008411512e+09,"_runtime":340.563453642,"_step":142,"_wandb":{"runtime":340},"fold0_train_loss":NaN,"fold0_test_loss":NaN}