{"fold0_tmp_test_acc":0.2678425608361914,"fold0_val_acc":0.2678425608361914,"_step":719,"fold0_val_loss":NaN,"_wandb":{"runtime":116},"_timestamp":1.7459486288716536e+09,"_runtime":116.97294279,"fold0_tmp_test_loss":NaN,"fold0_train_acc":0.2678425608361914,"fold0_train_loss":NaN}