{"fold0_tmp_test_loss":1.3999123573303223,"_runtime":112.008781461,"_step":176,"best_epoch":75,"best_val_acc":0.36779356524579454,"fold0_train_acc":0.36787522456312266,"fold0_val_loss":1.4013454914093018,"best_test_acc":0.3679568838804508,"_wandb":{"runtime":115},"fold0_val_acc":0.36779356524579454,"fold0_train_loss":1.4001197814941406,"fold0_tmp_test_acc":0.3679568838804508,"_timestamp":1.7460279760606184e+09}