{"fold0_tmp_test_loss":0.42827874422073364,"_runtime":212.842285889,"fold0_train_loss":0.06015123054385185,"fold0_val_acc":0.9092674315975287,"_wandb":{"runtime":212},"fold0_tmp_test_acc":0.9029297564419343,"test_acc":90.11471937875045,"best_val_acc":0.902206531332745,"_timestamp":1.7457318587297308e+09,"val_acc":90.05825242718446,"fold0_val_loss":0.42489954829216003,"test_acc_std":0.594775855983056,"fold0_train_acc":0.9824375606742565,"_step":313,"best_epoch":164,"best_test_acc":0.9001058948111542}