{"fold0_train_acc": 0.9988527049686701, "fold0_train_loss": 0.007861407473683357, "fold0_val_acc": 0.858252427184466, "fold0_val_loss": 0.8263687491416931, "fold0_tmp_test_acc": 0.8618072714436993, "fold0_tmp_test_loss": 0.8514285087585449, "_timestamp": 1745752637.8978295, "_runtime": 60.59156847000122, "_step": 279, "best_test_acc": 0.8393928697493823, "best_val_acc": 0.8414827890556046, "best_epoch": 80, "test_acc": 84.83762795623014, "val_acc": 84.55957634598411, "test_acc_std": 0.7342740232454379, "_wandb": {"runtime": 60}}