{"fold0_train_loss":0.33916929364204407,"_step":598,"_runtime":151.808292926,"fold0_tmp_test_acc":0.5173934345908868,"fold0_val_loss":1.6209951639175415,"fold0_tmp_test_loss":1.617261528968811,"fold0_val_acc":0.5090641842234199,"fold0_train_acc":0.8939245467907888,"best_val_acc":0.5204964886493549,"_wandb":{"runtime":164},"_timestamp":1.745943431662228e+09,"best_epoch":498,"best_test_acc":0.5120039196472318}