{"fold0_train_acc": 0.9946165386991439, "fold0_train_loss": 0.02239682339131832, "fold0_val_acc": 0.9062665489849956, "fold0_val_loss": 0.4670419991016388, "fold0_tmp_test_acc": 0.9087539710554183, "fold0_tmp_test_loss": 0.46166864037513733, "_timestamp": 1745766020.951221, "_runtime": 282.8556079864502, "_step": 202, "best_test_acc": 0.8948111542534416, "best_val_acc": 0.8933804060017653, "best_epoch": 77, "test_acc": 89.33992234380514, "val_acc": 89.28155339805826, "test_acc_std": 0.8847129646680736, "_wandb": {"runtime": 282}}