{"fold0_train_acc": 0.9761715647339158, "fold0_train_loss": 0.08937457948923111, "fold0_val_acc": 0.8353045013239188, "fold0_val_loss": 0.6819331645965576, "fold0_tmp_test_acc": 0.8385104129897635, "fold0_tmp_test_loss": 0.6902333498001099, "_timestamp": 1745742450.8710423, "_runtime": 43.029367208480835, "_step": 291, "best_test_acc": 0.8125661842569714, "best_val_acc": 0.8181818181818182, "best_epoch": 79, "test_acc": 81.64489939992941, "val_acc": 81.53398058252428, "test_acc_std": 0.842254011209475, "_wandb": {"runtime": 42}}