{"best_val_acc":0.7597912589693411,"fold0_tmp_test_acc":0.7563569447875709,"fold0_train_loss":0.1163661852478981,"best_test_acc":0.7592089981967588,"best_epoch":1977,"fold0_train_acc":0.7998194297721514,"_step":1999,"fold0_tmp_test_loss":0.12165231257677078,"_timestamp":1.7469055251314037e+09,"fold0_val_acc":0.758426591390587,"_wandb":{"runtime":779},"_runtime":763.410875507,"fold0_val_loss":0.12009728699922562}