{"fold0_train_acc": 0.9967346218339069, "fold0_train_loss": 0.015812532976269722, "fold0_val_acc": 0.8884377758164166, "fold0_val_loss": 0.6344273686408997, "fold0_tmp_test_acc": 0.8868690434168726, "fold0_tmp_test_loss": 0.6141188740730286, "_timestamp": 1745737753.8387053, "_runtime": 222.94248938560486, "_step": 328, "best_test_acc": 0.818566890222379, "best_val_acc": 0.8141218005295675, "best_epoch": 46, "test_acc": 86.25838333921637, "val_acc": 86.0970873786408, "test_acc_std": 1.869795728594769, "_wandb": {"runtime": 222}}