{"test_acc":90.12530885986587,"fold0_tmp_test_loss":0.43352752923965454,"fold0_train_acc":0.9789074221163181,"_runtime":216.969321499,"test_acc_std":0.7443772539781038,"fold0_train_loss":0.07534311711788177,"val_acc":90.09708737864077,"best_epoch":280,"fold0_val_acc":0.8984995586937334,"_timestamp":1.745730916688838e+09,"best_test_acc":0.908930462407342,"fold0_val_loss":0.43896377086639404,"_step":244,"fold0_tmp_test_acc":0.8967525591246029,"_wandb":{"runtime":216},"best_val_acc":0.9064430714916152}