{"fold0_train_acc":0.9814633349665197,"best_val_acc":0.5213130818226359,"best_test_acc":0.5250694104197289,"fold0_tmp_test_acc":0.5209864445533235,"fold0_train_loss":0.09957306832075119,"_wandb":{"runtime":230},"_step":1306,"_timestamp":1.746945702248519e+09,"fold0_val_loss":2.128391981124878,"fold0_tmp_test_loss":2.044393301010132,"fold0_val_acc":0.5131471500898253,"_runtime":211.162609529,"best_epoch":806}