{"fold0_tmp_test_loss":0.368746280670166,"fold0_tmp_test_acc":0.9191669608189199,"_runtime":811.343991933,"_timestamp":1.7458170363871567e+09,"_wandb":{"runtime":811},"best_epoch":640,"fold0_val_loss":0.35190433263778687,"fold0_train_loss":0.04208611696958542,"fold0_train_acc":0.9895860912540817,"fold0_val_acc":0.9221535745807591,"test_acc_std":0.42271060480421774,"best_val_acc":0.9205648720211828,"_step":795,"test_acc":92.01200141193083,"val_acc":92.00000000000001,"best_test_acc":0.9156371337804448}