{"_wandb":{"runtime":302},"fold0_train_loss":0.022913015577942134,"fold0_test_loss":0.5858337026834488,"_timestamp":1.7470919151658235e+09,"_runtime":302.835913238,"_step":394}