{"fold0_train_acc":0.9895860912540817,"_timestamp":1.7457263212958913e+09,"best_val_acc":0.893909973521624,"fold0_tmp_test_loss":0.49045562744140625,"best_epoch":146,"_runtime":132.796070547,"fold0_val_acc":0.9103265666372462,"best_test_acc":0.8907518531591953,"fold0_train_loss":0.037592168897390366,"fold0_val_loss":0.4879816770553589,"_wandb":{"runtime":135},"_step":463,"fold0_tmp_test_acc":0.9085774797034946}