{"_runtime":55.590595981,"_step":64,"_wandb":{"runtime":55},"fold0_train_loss":0.1860035066306591,"fold0_test_loss":0.4382377019524574,"_timestamp":1.7470949101844687e+09}