{"fold0_train_acc": 0.989056570470391, "fold0_train_loss": 0.04217801243066788, "fold0_val_acc": 0.9071491615180935, "fold0_val_loss": 0.4519549012184143, "fold0_tmp_test_acc": 0.9071655488881045, "fold0_tmp_test_loss": 0.4312507212162018, "_timestamp": 1745733439.4363577, "_runtime": 235.19120383262634, "_step": 321, "best_test_acc": 0.8965760677726792, "best_val_acc": 0.8981465136804943, "best_epoch": 146, "test_acc": 89.60112954465232, "val_acc": 89.62224183583407, "test_acc_std": 0.5429397237308691, "_wandb": {"runtime": 234}}