{"fold0_train_acc": 0.9891448239343394, "fold0_train_loss": 0.044390998780727386, "fold0_val_acc": 0.8612533097969991, "fold0_val_loss": 0.58488929271698, "fold0_tmp_test_acc": 0.8641016590187081, "fold0_tmp_test_loss": 0.591507077217102, "_timestamp": 1745745543.6733694, "_runtime": 337.919189453125, "_step": 432, "best_test_acc": 0.7973879279915285, "best_val_acc": 0.801765225066196, "best_epoch": 100, "test_acc": 81.95905400635368, "val_acc": 81.93998234774934, "test_acc_std": 6.1637835298698755, "_wandb": {"runtime": 337}}