{"_wandb":{"runtime":2},"fold0_test_loss":0.18577495604753494,"_timestamp":1.7473005493744109e+09,"_runtime":2.878797153,"_step":4,"fold0_train_loss":0.12713137581944467}