{"fold0_tmp_test_acc":0.6101678792174717,"fold0_tmp_test_loss":0.15181680023670197,"_timestamp":1.7459256421821103e+09,"_wandb":{"runtime":938},"_step":1499,"fold0_train_loss":0.14930446445941925,"fold0_train_acc":0.6370367548158795,"fold0_val_acc":0.6222557423987901,"best_test_acc":0.6113013121408237,"_runtime":777.860192912,"fold0_val_loss":0.1520460993051529,"best_val_acc":0.6178968879344682,"best_epoch":1489}