{"test_acc":90.2435580656548,"fold0_train_acc":0.9813785191068749,"fold0_tmp_test_loss":0.4718921184539795,"_runtime":239.061989404,"val_acc":90.32480141218005,"_step":325,"fold0_val_acc":0.9011473962930273,"fold0_val_loss":0.4580395221710205,"fold0_tmp_test_acc":0.9031062477938581,"_timestamp":1.7457293562927437e+09,"test_acc_std":0.787349264978892,"_wandb":{"runtime":239},"best_test_acc":0.9022237910342393,"best_epoch":184,"fold0_train_loss":0.05997936427593231,"best_val_acc":0.9037952338923213}