{"fold0_test_loss":0.656518510133028,"_timestamp":1.7473007807342665e+09,"_runtime":1.928536955,"_step":0,"_wandb":{"runtime":1},"fold0_train_loss":0.8922511191666126}