{"fold0_train_acc":0.9654046421322037,"test_acc_std":0.8613862893366863,"test_acc":90.8648076244264,"fold0_val_loss":0.3766086995601654,"fold0_tmp_test_loss":0.3640493154525757,"_wandb":{"runtime":326},"fold0_tmp_test_acc":0.9009883515707731,"_step":303,"best_epoch":331,"best_val_acc":0.9050308914386584,"val_acc":90.83848190644306,"best_test_acc":0.907518531591952,"_timestamp":1.7458094173854725e+09,"fold0_val_acc":0.9045013239187997,"_runtime":326.716791737,"fold0_train_loss":0.11679411679506302}