{"_wandb":{"runtime":6},"fold0_test_loss":0.034697977836476636,"_timestamp":1.747300854937952e+09,"_runtime":6.858107485,"_step":19,"fold0_train_loss":0.04168020522454754}