{"fold0_train_loss":0.11660511277616024,"fold0_test_loss":0.7756201601028443,"_timestamp":1.747207580968451e+09,"_runtime":61.845562683,"_step":74,"_wandb":{"runtime":61}}