{"fold0_train_acc":0.971405877680699,"test_acc":85.68655135898341,"fold0_tmp_test_loss":0.5442956686019897,"fold0_val_loss":0.567988395690918,"_runtime":250.678417902,"fold0_val_acc":0.8697263901147396,"_step":371,"val_acc":85.86054721977051,"best_test_acc":0.8663960465937169,"_wandb":{"runtime":250},"best_epoch":233,"fold0_train_loss":0.1009974256157875,"test_acc_std":1.3876530830618121,"_timestamp":1.745704218719035e+09,"best_val_acc":0.8649602824360106,"fold0_tmp_test_acc":0.8729262266148958}