{"fold0_train_loss":0.0953894555568695,"fold0_val_loss":0.3457897901535034,"test_acc":91.2266148958701,"fold0_train_acc":0.9750242697025858,"fold0_val_acc":0.91738746690203,"fold0_tmp_test_loss":0.34656065702438354,"_wandb":{"runtime":397},"val_acc":91.01853486319506,"best_val_acc":0.9112091791703442,"_step":559,"_timestamp":1.7458127273630624e+09,"fold0_tmp_test_acc":0.9136957289092834,"test_acc_std":0.5416559558294075,"best_test_acc":0.9131662548535122,"_runtime":397.696461087,"best_epoch":618}