{"fold0_train_acc": 0.8217280028241108, "fold0_train_loss": 0.5028213262557983, "fold0_val_acc": 0.7433362753751104, "fold0_val_loss": 0.8322424292564392, "fold0_tmp_test_acc": 0.7426756088951642, "fold0_tmp_test_loss": 0.8402350544929504, "_timestamp": 1745743898.5284615, "_runtime": 228.89452242851257, "_step": 466, "best_test_acc": 0.7255559477585598, "best_val_acc": 0.7376875551632833, "best_epoch": 224, "test_acc": 73.54924108718673, "val_acc": 73.51985878199471, "test_acc_std": 0.4794623979232659, "_wandb": {"runtime": 228}}