{"fold0_train_acc": 0.8891536492807343, "fold0_train_loss": 0.3418315351009369, "fold0_val_acc": 0.8181818181818182, "fold0_val_loss": 0.6164347529411316, "fold0_tmp_test_acc": 0.8153900458877515, "fold0_tmp_test_loss": 0.6333056092262268, "_timestamp": 1745754517.420206, "_runtime": 229.4401171207428, "_step": 692, "best_test_acc": 0.8205082950935404, "best_val_acc": 0.8247131509267431, "best_epoch": 504, "test_acc": 82.49911754324039, "val_acc": 82.35481023830538, "test_acc_std": 0.4888651157469217, "_wandb": {"runtime": 229}}