{"fold0_val_acc":0.905207413945278,"fold0_tmp_test_acc":0.9046946699611719,"val_acc":89.96116504854369,"best_val_acc":0.9007943512797881,"fold0_train_acc":0.9842908834171741,"test_acc_std":0.6126970427767563,"fold0_train_loss":0.05615014582872391,"_wandb":{"runtime":205},"_step":275,"fold0_tmp_test_loss":0.4227396547794342,"fold0_val_loss":0.44311192631721497,"test_acc":89.91881397811508,"_runtime":205.547250028,"best_test_acc":0.8969290504765266,"_timestamp":1.7457682044464545e+09,"best_epoch":178}