{"_wandb":{"runtime":139},"fold0_tmp_test_acc":0.973605,"fold0_train_acc":0.99956875,"fold0_tmp_test_loss":0.17342498898506165,"fold0_val_loss":0.1803000271320343,"fold0_val_acc":0.970676,"best_test_acc":0.9773170000000001,"_timestamp":1.746670829896332e+09,"best_val_acc":0.9761110000000001,"_runtime":124.120983065,"_step":1111,"best_epoch":911,"fold0_train_loss":0.03984718769788742}