{"_step":705,"fold0_val_loss":1.68315589427948,"fold0_val_acc":0.5138004246284501,"fold0_tmp_test_acc":0.5084109096847951,"_timestamp":1.7459544705295277e+09,"fold0_train_loss":0.29982659220695496,"fold0_train_acc":0.9087048832271762,"_runtime":114.817042139,"_wandb":{"runtime":154},"best_val_acc":0.5183733463988242,"best_test_acc":0.5151069737056998,"best_epoch":605,"fold0_tmp_test_loss":1.676116943359375}