{"best_epoch":1202,"fold0_val_loss":2.594068765640259,"fold0_train_acc":0.9879960803527682,"_runtime":2308.791362397,"test_acc":51.07463661603789,"fold0_tmp_test_loss":2.634840965270996,"test_acc_std":2.6434930983714553,"_timestamp":1.746949189546548e+09,"fold0_train_loss":0.06286969780921936,"_step":1575,"fold0_val_acc":0.5268659154009473,"fold0_tmp_test_acc":0.5284991017475094,"best_val_acc":0.5180467091295117,"val_acc":51.60378899232402,"_wandb":{"runtime":2308},"best_test_acc":0.503837987914421}