{"_runtime":74.570755694,"_step":24,"fold0_train_loss":0.3183072005212307,"fold0_test_loss":0.6024625800549984,"_timestamp":1.7472073885680764e+09,"_wandb":{"runtime":74}}