{"best_val_acc":0.4572921770374,"_timestamp":1.7458728740826247e+09,"fold0_train_loss":0.6051492094993591,"fold0_val_acc":0.45173934345908867,"_runtime":44.341985821,"fold0_val_loss":1.5577421188354492,"best_epoch":562,"_step":662,"_wandb":{"runtime":50},"fold0_train_acc":0.7894822799281398,"fold0_tmp_test_loss":1.609906554222107,"best_test_acc":0.4499428384778703,"fold0_tmp_test_acc":0.44455332353421523}