{"_runtime":108.747103104,"best_test_acc":0.47901355544667645,"fold0_train_loss":0.2987692356109619,"_step":669,"fold0_val_acc":0.4646415155969296,"best_epoch":569,"fold0_tmp_test_loss":1.7629047632217407,"fold0_train_acc":0.9211987587783766,"fold0_val_loss":1.7681313753128052,"_wandb":{"runtime":123},"_timestamp":1.745940938402302e+09,"fold0_tmp_test_acc":0.4723174914257717,"best_val_acc":0.4772170504654581}