{"fold0_val_acc":0.6692964803814604,"best_val_acc":0.7317100485484533,"best_test_acc":0.7234981263377118,"_wandb":{"runtime":2213},"fold0_tmp_test_loss":0.22000637650489807,"_runtime":1615.17214903,"fold0_train_loss":0.045300085097551346,"best_epoch":1313,"_timestamp":1.7460472637727506e+09,"_step":2999,"fold0_train_acc":0.987066051296261,"fold0_val_loss":0.20928822457790375,"fold0_tmp_test_acc":0.6678412362707771}