{"_runtime":80.584592097,"_step":98,"_wandb":{"runtime":80},"fold0_train_loss":0.22576240323483943,"fold0_test_loss":1.3353838047385216,"_timestamp":1.7471834880568316e+09}