{"fold0_train_acc": 0.9135116053305092, "fold0_train_loss": 0.2710527777671814, "fold0_val_acc": 0.7959399823477493, "fold0_val_loss": 0.7664721012115479, "fold0_tmp_test_acc": 0.7987998588069185, "fold0_tmp_test_loss": 0.7670260071754456, "_timestamp": 1745739549.1900468, "_runtime": 43.92412185668945, "_step": 397, "best_test_acc": 0.6418990469466996, "best_val_acc": 0.6466019417475728, "best_epoch": 88, "test_acc": 76.59548182139075, "val_acc": 76.39187996469549, "test_acc_std": 4.275474859998382, "_wandb": {"runtime": 43}}