{"best_test_acc":0.9029297564419343,"best_val_acc":0.8981465136804943,"fold0_train_acc":0.9861442061600918,"fold0_tmp_test_loss":0.454025000333786,"best_epoch":162,"fold0_val_acc":0.9090909090909091,"fold0_tmp_test_acc":0.9022237910342393,"_timestamp":1.7457223822004085e+09,"_wandb":{"runtime":222},"fold0_val_loss":0.4254339933395386,"test_acc_std":0.7271015309571885,"_step":297,"test_acc":90.282386163078,"fold0_train_loss":0.05001692846417427,"_runtime":222.207280368,"val_acc":90.19240953221535}