{"best_epoch":570,"_runtime":2570.279431097,"fold0_val_loss":0.11843844503164291,"fold0_tmp_test_acc":0.7556246810849001,"fold0_val_acc":0.7627247169931131,"best_val_acc":0.7794692574568924,"_step":728,"fold0_train_acc":0.9067303684717916,"fold0_train_loss":0.08908047527074814,"_wandb":{"runtime":2570},"test_acc_std":1.3984697720088652,"_timestamp":1.7470014051247175e+09,"fold0_tmp_test_loss":0.12246492505073547,"val_acc":77.60733941776493,"best_test_acc":0.7740609176904659,"test_acc":78.03166293011691}