{"_runtime":150.587725256,"best_epoch":394,"fold0_train_acc":0.9694643014738329,"_wandb":{"runtime":154},"fold0_train_loss":0.10607188194990158,"fold0_val_loss":0.4173564910888672,"fold0_val_acc":0.9045013239187997,"best_test_acc":0.9041651959054007,"fold0_tmp_test_acc":0.9011648429226968,"fold0_tmp_test_loss":0.39834800362586975,"best_val_acc":0.9062665489849956,"_timestamp":1.7458077030248532e+09,"_step":396}