{"fold0_test_loss":0.5616233223676681,"_timestamp":1.747207784808644e+09,"_runtime":82.822316314,"_step":49,"fold0_train_loss":0.3331876614689827,"_wandb":{"runtime":82}}