{"fold0_train_loss":0.49192947149276733,"best_val_acc":0.4863628940062061,"best_epoch":221,"fold0_val_acc":0.5030213947411399,"_step":575,"_timestamp":1.7458592102576678e+09,"fold0_tmp_test_acc":0.5035113506451087,"best_test_acc":0.4734607218683652,"_wandb":{"runtime":320},"_runtime":317.356252945,"fold0_train_acc":0.8290053895149436,"fold0_val_loss":1.4351818561553955,"fold0_tmp_test_loss":1.4498366117477417}