{"fold0_tmp_test_acc":0.8572184962936816,"_wandb":{"runtime":218},"fold0_val_loss":0.5416821837425232,"_step":360,"val_acc":85.3486319505737,"fold0_val_acc":0.8536628420123565,"test_acc_std":0.7235370547303314,"fold0_train_acc":0.9665519371635337,"test_acc":85.67596187786798,"_timestamp":1.745703465572821e+09,"_runtime":218.145507903,"best_val_acc":0.8497793468667255,"fold0_tmp_test_loss":0.5362874865531921,"best_test_acc":0.8515707730321215,"best_epoch":201,"fold0_train_loss":0.11716143786907196}