{"fold0_train_loss":0.003773821057693567,"fold0_test_loss":0.01070367208623793,"_timestamp":1.7471933554323502e+09,"_runtime":61.740335895,"_step":241,"_wandb":{"runtime":61}}