{"fold0_val_loss":0.11687542498111725,"best_epoch":726,"fold0_val_acc":0.7733476496429581,"_wandb":{"runtime":1077},"_runtime":1069.476552259,"fold0_tmp_test_acc":0.7749812402882416,"fold0_train_acc":0.9074810510942163,"fold0_train_loss":0.09017103165388107,"best_test_acc":0.7882753533175251,"fold0_tmp_test_loss":0.11935056000947952,"_timestamp":1.746830653610997e+09,"best_val_acc":0.7962693313475226,"_step":870}