{"fold0_train_loss":0.957099199295044,"_wandb":{"runtime":182},"fold0_val_acc":0.47362404050302137,"_runtime":165.252429212,"best_val_acc":0.4759105013882084,"best_test_acc":0.48113669769720724,"fold0_val_loss":1.266649842262268,"_timestamp":1.7459542635500088e+09,"_step":1021,"fold0_train_acc":0.6001143230442594,"fold0_tmp_test_acc":0.4873428058141434,"fold0_tmp_test_loss":1.2480438947677612,"best_epoch":921}