{"_step":28,"fold0_train_loss":0.6041998797655106,"_wandb":{"runtime":49},"fold0_test_loss":1.4059195613861084,"_timestamp":1.7472076648810809e+09,"_runtime":49.992558445}