{"_runtime":243.045766094,"_timestamp":1.7457212860377223e+09,"best_val_acc":0.8910856134157105,"fold0_val_acc":0.9027360988526038,"val_acc":90.20829655781111,"_wandb":{"runtime":243},"fold0_tmp_test_acc":0.9032827391457818,"fold0_train_acc":0.984643897272968,"fold0_train_loss":0.061294976621866226,"test_acc_std":0.5348590730639129,"best_test_acc":0.891634309918814,"best_epoch":172,"test_acc":90.22237910342392,"fold0_tmp_test_loss":0.4244357645511627,"_step":348,"fold0_val_loss":0.4179334044456482}